drop table OBJTYPE CASCADE CONSTRAINTS;
drop table ATTRTYPE CASCADE CONSTRAINTS;
drop table OBJECTS CASCADE CONSTRAINTS;
drop table ATTRIBUTES CASCADE CONSTRAINTS;
drop table OBJREFERENCE CASCADE CONSTRAINTS;

CREATE TABLE OBJTYPE
  (
    OBJECT_TYPE_ID NUMBER(20) NOT NULL ENABLE,
    PARENT_ID      NUMBER(20),
    CODE           VARCHAR2(20) NOT NULL UNIQUE,
    NAME           VARCHAR2(200 BYTE),
    DESCRIPTION    VARCHAR2(1000 BYTE),
    CONSTRAINT CON_OBJECT_TYPE_ID PRIMARY KEY (OBJECT_TYPE_ID),
    CONSTRAINT CON_PARENT_ID FOREIGN KEY (PARENT_ID) REFERENCES OBJTYPE (OBJECT_TYPE_ID) ON DELETE CASCADE ENABLE
  );

COMMENT ON TABLE OBJTYPE IS 'Таблица описаний объектных типов';

COMMENT ON COLUMN OBJTYPE.OBJECT_TYPE_ID IS 'Идентификатор объектного типа';
COMMENT ON COLUMN OBJTYPE.PARENT_ID IS 'ссылка на идентификатор родительского объектного типа';
COMMENT ON COLUMN OBJTYPE.CODE IS 'название объектного типа в английской кодировке';
COMMENT ON COLUMN OBJTYPE.NAME IS 'название объектного типа в национальной кодировке (для GUI)';
COMMENT ON COLUMN OBJTYPE.DESCRIPTION IS 'разверное описание объектного типа в национальной кодировке (для GUI)';

CREATE TABLE ATTRTYPE (
    ATTR_ID      		NUMBER(20) NOT NULL,
    OBJECT_TYPE_ID 		NUMBER(20) NOT NULL,
	OBJECT_TYPE_ID_REF 	NUMBER(20),
    CODE         		VARCHAR2(20),
    NAME         		VARCHAR2(200 BYTE),
    CONSTRAINT CON_ATTR_ID PRIMARY KEY (ATTR_ID),
    CONSTRAINT CON_ATTR_OBJECT_TYPE_ID FOREIGN KEY (OBJECT_TYPE_ID) REFERENCES OBJTYPE (OBJECT_TYPE_ID),
	CONSTRAINT CON_ATTR_OBJECT_TYPE_ID_REF FOREIGN KEY (OBJECT_TYPE_ID_REF) REFERENCES OBJTYPE (OBJECT_TYPE_ID)
);

COMMENT ON TABLE ATTRTYPE
	IS 'Таблица описаний атрибутных типов';
COMMENT ON COLUMN ATTRTYPE.OBJECT_TYPE_ID
	IS 'ссылка на идентификатор объектного типа класса, который характеризует данный атрибутный тип';
COMMENT ON COLUMN ATTRTYPE.OBJECT_TYPE_ID_REF
	IS 'ссылка на идентификатор объектного типа класса, который для кратности "один-ко-многим" находится в отношении "один"
	при отношении "много", в котором находится объектный тип класса из ATTRTYPE.OBJECT_TYPE_ID';
COMMENT ON COLUMN ATTRTYPE.CODE
	IS 'название атрибутного типа в английской кодировке';
COMMENT ON COLUMN ATTRTYPE.NAME
	IS 'название атрибутного типа в национальной кодировке (для GUI)';

CREATE TABLE OBJECTS (
    OBJECT_ID      NUMBER(20) NOT NULL,
    PARENT_ID      NUMBER(20),
    OBJECT_TYPE_ID NUMBER(20) NOT NULL,
    NAME           VARCHAR2(2000 BYTE),
    DESCRIPTION    VARCHAR2(4000 BYTE),
    CONSTRAINT CON_OBJECTS_ID PRIMARY KEY (OBJECT_ID),
    CONSTRAINT CON_PARENTS_ID FOREIGN KEY (PARENT_ID) REFERENCES OBJECTS (OBJECT_ID) ON DELETE CASCADE DEFERRABLE,
    CONSTRAINT CON_OBJ_TYPE_ID FOREIGN KEY (OBJECT_TYPE_ID) REFERENCES OBJTYPE (OBJECT_TYPE_ID)
);

COMMENT ON TABLE OBJECTS IS 'Таблица описаний экземпляров объектов';

CREATE TABLE ATTRIBUTES
  (
    ATTR_ID    NUMBER(20) NOT NULL,
    OBJECT_ID  NUMBER(20) NOT NULL,
    VALUE      VARCHAR2(4000 BYTE),
    DATE_VALUE DATE,
	CONSTRAINT CON_ATTRIBUTES_PK PRIMARY KEY (ATTR_ID,OBJECT_ID),
    CONSTRAINT CON_AOBJECT_ID FOREIGN KEY (OBJECT_ID) REFERENCES OBJECTS (OBJECT_ID) ON DELETE CASCADE,
    CONSTRAINT CON_AATTR_ID FOREIGN KEY (ATTR_ID) REFERENCES ATTRTYPE (ATTR_ID) ON DELETE CASCADE
  );

COMMENT ON TABLE ATTRIBUTES IS 'Таблица описаний атрибутов экземпляров объектов';
COMMENT ON COLUMN ATTRIBUTES.VALUE IS 'Значение атрибута экземпляра объекта в виде строки или числа';
COMMENT ON COLUMN ATTRIBUTES.DATE_VALUE IS 'Значение атрибута экземпляра объекта в виде даты';

CREATE TABLE OBJREFERENCE
  (
    ATTR_ID   NUMBER(20) NOT NULL,
    REFERENCE NUMBER(20) NOT NULL,
    OBJECT_ID NUMBER(20) NOT NULL,
	CONSTRAINT CON_OBJREFERENCE_PK PRIMARY KEY (ATTR_ID,REFERENCE,OBJECT_ID),
    CONSTRAINT CON_REFERENCE FOREIGN KEY (REFERENCE) REFERENCES OBJECTS (OBJECT_ID) ON DELETE CASCADE,
    CONSTRAINT CON_ROBJECT_ID FOREIGN KEY (OBJECT_ID) REFERENCES OBJECTS (OBJECT_ID) ON DELETE CASCADE,
    CONSTRAINT CON_RATTR_ID FOREIGN KEY (ATTR_ID) REFERENCES ATTRTYPE (ATTR_ID) ON DELETE CASCADE
  );

COMMENT ON TABLE OBJREFERENCE IS 'Таблица описаний связей между экземплярами объектов';
COMMENT ON COLUMN OBJREFERENCE.ATTR_ID IS 'ссылка на атрибутный тип как ассоциативная связь между экземплярами объектов';
COMMENT ON COLUMN OBJREFERENCE.OBJECT_ID IS 'ссылка на экземпляр 1-го объекта ассоциативной связи с кратностью "много"';
COMMENT ON COLUMN OBJREFERENCE.REFERENCE IS 'ссылка на экземпляр 2-го объекта ассоциативной связи с кратностью "один"';


INSERT INTO OBJTYPE (OBJECT_TYPE_ID, PARENT_ID, CODE, NAME, DESCRIPTION) VALUES (1,NULL,'Room','Комната',NULL);
INSERT INTO OBJTYPE (OBJECT_TYPE_ID, PARENT_ID, CODE, NAME, DESCRIPTION) VALUES (2,NULL,'Order','Заказ',NULL);
INSERT INTO OBJTYPE (OBJECT_TYPE_ID, PARENT_ID, CODE, NAME, DESCRIPTION) VALUES (3,NULL,'User','Пользователь',NULL);
INSERT INTO OBJTYPE (OBJECT_TYPE_ID, PARENT_ID, CODE, NAME, DESCRIPTION) VALUES (4,NULL,'Notification','Уведомление',NULL);
INSERT INTO OBJTYPE (OBJECT_TYPE_ID, PARENT_ID, CODE, NAME, DESCRIPTION) VALUES (5,NULL,'Room_type','Тип комнаты',NULL);
INSERT INTO OBJTYPE (OBJECT_TYPE_ID, PARENT_ID, CODE, NAME, DESCRIPTION) VALUES (6,5,'Rate','Тариф',NULL);
INSERT INTO OBJTYPE (OBJECT_TYPE_ID, PARENT_ID, CODE, NAME, DESCRIPTION) VALUES (7,6,'Price','Цена',NULL);
INSERT INTO OBJTYPE (OBJECT_TYPE_ID, PARENT_ID, CODE, NAME, DESCRIPTION) VALUES (8,NULL,'Block','Блокировка',NULL);
INSERT INTO OBJTYPE (OBJECT_TYPE_ID, PARENT_ID, CODE, NAME, DESCRIPTION) VALUES (9,3,'Phone','Телефон',NULL);
INSERT INTO OBJTYPE (OBJECT_TYPE_ID, PARENT_ID, CODE, NAME, DESCRIPTION) VALUES (10,NULL,'Role','Роль',NULL);
INSERT INTO OBJTYPE (OBJECT_TYPE_ID, PARENT_ID, CODE, NAME, DESCRIPTION) VALUES (11,NULL,'Notification_type','Тип уведомления',NULL);
INSERT INTO OBJTYPE (OBJECT_TYPE_ID, PARENT_ID, CODE, NAME, DESCRIPTION) VALUES (12,2,'Modification_history','История изменений заказа',NULL);
INSERT INTO OBJTYPE (OBJECT_TYPE_ID, PARENT_ID, CODE, NAME, DESCRIPTION) VALUES (13,NULL,'Category','Категория ',NULL);
INSERT INTO OBJTYPE (OBJECT_TYPE_ID, PARENT_ID, CODE, NAME, DESCRIPTION) VALUES (14,NULL,'Maintenance','Дополнительная услуга',NULL);
INSERT INTO OBJTYPE (OBJECT_TYPE_ID, PARENT_ID, CODE, NAME, DESCRIPTION) VALUES (15,13,'Complimentary','Включённая услуга',NULL);
INSERT INTO OBJTYPE (OBJECT_TYPE_ID, PARENT_ID, CODE, NAME, DESCRIPTION) VALUES (16,2,'JournalRecord','Запись о предоставленной услуге',NULL);


INSERT INTO ATTRTYPE (ATTR_ID, OBJECT_TYPE_ID, OBJECT_TYPE_ID_REF, CODE, NAME) VALUES (1,1,NULL,'Room_number','Номер комнаты');
INSERT INTO ATTRTYPE (ATTR_ID, OBJECT_TYPE_ID, OBJECT_TYPE_ID_REF, CODE, NAME) VALUES (2,1,NULL,'Number_of_residents','Количество мест');
INSERT INTO ATTRTYPE (ATTR_ID, OBJECT_TYPE_ID, OBJECT_TYPE_ID_REF, CODE, NAME) VALUES (4,1,5,'Has_room_type','Тип комнаты');

INSERT INTO ATTRTYPE (ATTR_ID, OBJECT_TYPE_ID, OBJECT_TYPE_ID_REF, CODE, NAME) VALUES (5,2,NULL,'Order_id','ID заказа');
INSERT INTO ATTRTYPE (ATTR_ID, OBJECT_TYPE_ID, OBJECT_TYPE_ID_REF, CODE, NAME) VALUES (6,2,1,'Booked','Номер комнаты');
INSERT INTO ATTRTYPE (ATTR_ID, OBJECT_TYPE_ID, OBJECT_TYPE_ID_REF, CODE, NAME) VALUES (7,2,3,'Belong','Клиент');
INSERT INTO ATTRTYPE (ATTR_ID, OBJECT_TYPE_ID, OBJECT_TYPE_ID_REF, CODE, NAME) VALUES (8,2,NULL,'Registration_date','Дата составления заказа');
INSERT INTO ATTRTYPE (ATTR_ID, OBJECT_TYPE_ID, OBJECT_TYPE_ID_REF, CODE, NAME) VALUES (9,2,NULL,'Is_paid_for','Оплачено');
INSERT INTO ATTRTYPE (ATTR_ID, OBJECT_TYPE_ID, OBJECT_TYPE_ID_REF, CODE, NAME) VALUES (10,2,NULL,'Is_confirmed','Утверждено');
INSERT INTO ATTRTYPE (ATTR_ID, OBJECT_TYPE_ID, OBJECT_TYPE_ID_REF, CODE, NAME) VALUES (11,2,NULL,'Living_start_date','Дата въезда');
INSERT INTO ATTRTYPE (ATTR_ID, OBJECT_TYPE_ID, OBJECT_TYPE_ID_REF, CODE, NAME) VALUES (12,2,NULL,'Living_finish_date','Дата выезда');
INSERT INTO ATTRTYPE (ATTR_ID, OBJECT_TYPE_ID, OBJECT_TYPE_ID_REF, CODE, NAME) VALUES (13,2,NULL,'Sum','Сумма к оплате');
INSERT INTO ATTRTYPE (ATTR_ID, OBJECT_TYPE_ID, OBJECT_TYPE_ID_REF, CODE, NAME) VALUES (14,2,NULL,'Comment','Комментарий');
INSERT INTO ATTRTYPE (ATTR_ID, OBJECT_TYPE_ID, OBJECT_TYPE_ID_REF, CODE, NAME) VALUES (44,2,3,'Modificated_by','Автор последнего изменения');
INSERT INTO ATTRTYPE (ATTR_ID, OBJECT_TYPE_ID, OBJECT_TYPE_ID_REF, CODE, NAME) VALUES (57,2,13,'Has_category','Имеет категорию');

INSERT INTO ATTRTYPE (ATTR_ID, OBJECT_TYPE_ID, OBJECT_TYPE_ID_REF, CODE, NAME) VALUES (15,3,NULL,'Email','Email');
INSERT INTO ATTRTYPE (ATTR_ID, OBJECT_TYPE_ID, OBJECT_TYPE_ID_REF, CODE, NAME) VALUES (16,3,NULL,'Password','Пароль');
INSERT INTO ATTRTYPE (ATTR_ID, OBJECT_TYPE_ID, OBJECT_TYPE_ID_REF, CODE, NAME) VALUES (17,3,NULL,'First_name','Имя');
INSERT INTO ATTRTYPE (ATTR_ID, OBJECT_TYPE_ID, OBJECT_TYPE_ID_REF, CODE, NAME) VALUES (18,3,NULL,'Last_name','Фамилия');
INSERT INTO ATTRTYPE (ATTR_ID, OBJECT_TYPE_ID, OBJECT_TYPE_ID_REF, CODE, NAME) VALUES (19,3,NULL,'Additional_info','Доп. информация');
INSERT INTO ATTRTYPE (ATTR_ID, OBJECT_TYPE_ID, OBJECT_TYPE_ID_REF, CODE, NAME) VALUES (20,3,10,'Has_role','Роль');
INSERT INTO ATTRTYPE (ATTR_ID, OBJECT_TYPE_ID, OBJECT_TYPE_ID_REF, CODE, NAME) VALUES (3,3,NULL,'Enabled','Активный');

INSERT INTO ATTRTYPE (ATTR_ID, OBJECT_TYPE_ID, OBJECT_TYPE_ID_REF, CODE, NAME) VALUES (21,4,3,'Sent_by','Автор');
INSERT INTO ATTRTYPE (ATTR_ID, OBJECT_TYPE_ID, OBJECT_TYPE_ID_REF, CODE, NAME) VALUES (22,4,NULL,'Message','Сообщение');
INSERT INTO ATTRTYPE (ATTR_ID, OBJECT_TYPE_ID, OBJECT_TYPE_ID_REF, CODE, NAME) VALUES (23,4,NULL,'Send_date','Отправлено');
INSERT INTO ATTRTYPE (ATTR_ID, OBJECT_TYPE_ID, OBJECT_TYPE_ID_REF, CODE, NAME) VALUES (24,4,3,'Executed_by','Выполнено');
INSERT INTO ATTRTYPE (ATTR_ID, OBJECT_TYPE_ID, OBJECT_TYPE_ID_REF, CODE, NAME) VALUES (25,4,NULL,'Executed_date','Дата выполнения');
INSERT INTO ATTRTYPE (ATTR_ID, OBJECT_TYPE_ID, OBJECT_TYPE_ID_REF, CODE, NAME) VALUES (26,4,11,'Has_notif_type','Тип уведомления');
INSERT INTO ATTRTYPE (ATTR_ID, OBJECT_TYPE_ID, OBJECT_TYPE_ID_REF, CODE, NAME) VALUES (27,4,2,'Consider','Про заказ');

INSERT INTO ATTRTYPE (ATTR_ID, OBJECT_TYPE_ID, OBJECT_TYPE_ID_REF, CODE, NAME) VALUES (28,5,NULL,'Room_type_title','Тип комнаты');
INSERT INTO ATTRTYPE (ATTR_ID, OBJECT_TYPE_ID, OBJECT_TYPE_ID_REF, CODE, NAME) VALUES (29,5,NULL,'Content','Описание');

INSERT INTO ATTRTYPE (ATTR_ID, OBJECT_TYPE_ID, OBJECT_TYPE_ID_REF, CODE, NAME) VALUES (30,6,NULL,'Rate_from_date','Начало периода');
INSERT INTO ATTRTYPE (ATTR_ID, OBJECT_TYPE_ID, OBJECT_TYPE_ID_REF, CODE, NAME) VALUES (31,6,NULL,'Rate_to_date','Конец периода');

INSERT INTO ATTRTYPE (ATTR_ID, OBJECT_TYPE_ID, OBJECT_TYPE_ID_REF, CODE, NAME) VALUES (32,7,NULL,'Number_of_people','Количество проживающих');
INSERT INTO ATTRTYPE (ATTR_ID, OBJECT_TYPE_ID, OBJECT_TYPE_ID_REF, CODE, NAME) VALUES (33,7,NULL,'Rate','Тариф');

INSERT INTO ATTRTYPE (ATTR_ID, OBJECT_TYPE_ID, OBJECT_TYPE_ID_REF, CODE, NAME) VALUES (34,8,1,'Blocks','Номер комнаты');
INSERT INTO ATTRTYPE (ATTR_ID, OBJECT_TYPE_ID, OBJECT_TYPE_ID_REF, CODE, NAME) VALUES (35,8,NULL,'Block_start_date','Начало блокировки');
INSERT INTO ATTRTYPE (ATTR_ID, OBJECT_TYPE_ID, OBJECT_TYPE_ID_REF, CODE, NAME) VALUES (36,8,NULL,'Block_finish_date','Конец блокировки');
INSERT INTO ATTRTYPE (ATTR_ID, OBJECT_TYPE_ID, OBJECT_TYPE_ID_REF, CODE, NAME) VALUES (37,8,NULL,'Reason','Причина');

INSERT INTO ATTRTYPE (ATTR_ID, OBJECT_TYPE_ID, OBJECT_TYPE_ID_REF, CODE, NAME) VALUES (38,9,NULL,'Phone_number','Номер телефона');

INSERT INTO ATTRTYPE (ATTR_ID, OBJECT_TYPE_ID, OBJECT_TYPE_ID_REF, CODE, NAME) VALUES (39,10,NULL,'Role_name','Название роли');

INSERT INTO ATTRTYPE (ATTR_ID, OBJECT_TYPE_ID, OBJECT_TYPE_ID_REF, CODE, NAME) VALUES (40,11,NULL,'Notif_type_title','Тип уведомления');
INSERT INTO ATTRTYPE (ATTR_ID, OBJECT_TYPE_ID, OBJECT_TYPE_ID_REF, CODE, NAME) VALUES (41,11,10,'Oriented','Для группы');

INSERT INTO ATTRTYPE (ATTR_ID, OBJECT_TYPE_ID, OBJECT_TYPE_ID_REF, CODE, NAME) VALUES (42,12,3,'Changed_by','Автор модификации');
INSERT INTO ATTRTYPE (ATTR_ID, OBJECT_TYPE_ID, OBJECT_TYPE_ID_REF, CODE, NAME) VALUES (43,12,NULL,'Modif_date','Дата модификации');

INSERT INTO ATTRTYPE (ATTR_ID, OBJECT_TYPE_ID, OBJECT_TYPE_ID_REF, CODE, NAME) VALUES (45,13,NULL,'Category_title','Название категории');
INSERT INTO ATTRTYPE (ATTR_ID, OBJECT_TYPE_ID, OBJECT_TYPE_ID_REF, CODE, NAME) VALUES (46,13,NULL,'Category_price','Цена за категорию');

INSERT INTO ATTRTYPE (ATTR_ID, OBJECT_TYPE_ID, OBJECT_TYPE_ID_REF, CODE, NAME) VALUES (47,14,NULL,'Maintenance_title','Название услуги');
INSERT INTO ATTRTYPE (ATTR_ID, OBJECT_TYPE_ID, OBJECT_TYPE_ID_REF, CODE, NAME) VALUES (48,14,NULL,'Maintenance_type','Тип услуги');
INSERT INTO ATTRTYPE (ATTR_ID, OBJECT_TYPE_ID, OBJECT_TYPE_ID_REF, CODE, NAME) VALUES (49,14,NULL,'Maintenance_price','Цена за услугу');

INSERT INTO ATTRTYPE (ATTR_ID, OBJECT_TYPE_ID, OBJECT_TYPE_ID_REF, CODE, NAME) VALUES (51,15,14,'Contains','Содержит услугу');

INSERT INTO ATTRTYPE (ATTR_ID, OBJECT_TYPE_ID, OBJECT_TYPE_ID_REF, CODE, NAME) VALUES (53,16,14,'Commit','Предоставляемая услуга');
INSERT INTO ATTRTYPE (ATTR_ID, OBJECT_TYPE_ID, OBJECT_TYPE_ID_REF, CODE, NAME) VALUES (54,16,NULL,'Count','Количество услуг(в штуках)');
INSERT INTO ATTRTYPE (ATTR_ID, OBJECT_TYPE_ID, OBJECT_TYPE_ID_REF, CODE, NAME) VALUES (55,16,NULL,'Cost','Стоимость');
INSERT INTO ATTRTYPE (ATTR_ID, OBJECT_TYPE_ID, OBJECT_TYPE_ID_REF, CODE, NAME) VALUES (56,16,NULL,'Used_date','Дата предоставления услуги');

-- USER ROLE
INSERT INTO OBJECTS (OBJECT_ID, PARENT_ID, OBJECT_TYPE_ID, NAME, DESCRIPTION) VALUES (1, NULL, 10, 'Admin', NULL);
INSERT INTO OBJECTS (OBJECT_ID, PARENT_ID, OBJECT_TYPE_ID, NAME, DESCRIPTION) VALUES (2, NULL, 10, 'Reception', NULL);
INSERT INTO OBJECTS (OBJECT_ID, PARENT_ID, OBJECT_TYPE_ID, NAME, DESCRIPTION) VALUES (3, NULL, 10, 'Client', NULL);


-- ROOM TYPE
INSERT INTO OBJECTS (OBJECT_ID, PARENT_ID, OBJECT_TYPE_ID, NAME, DESCRIPTION) VALUES (5, NULL, 5, 'TypeLuxe', NULL);
INSERT INTO OBJECTS (OBJECT_ID, PARENT_ID, OBJECT_TYPE_ID, NAME, DESCRIPTION) VALUES (6, NULL, 5, 'TypeSemiLuxe', NULL);
INSERT INTO OBJECTS (OBJECT_ID, PARENT_ID, OBJECT_TYPE_ID, NAME, DESCRIPTION) VALUES (7, NULL, 5, 'TypeEconomy', NULL);
INSERT INTO OBJECTS (OBJECT_ID, PARENT_ID, OBJECT_TYPE_ID, NAME, DESCRIPTION) VALUES (8, NULL, 5, 'TypePresident', NULL);
--to 10


-- NOTIFICATION TYPE
INSERT INTO OBJECTS (OBJECT_ID, PARENT_ID, OBJECT_TYPE_ID, NAME, DESCRIPTION) VALUES (11, NULL, 11, 'NotificationType1', NULL);
INSERT INTO OBJECTS (OBJECT_ID, PARENT_ID, OBJECT_TYPE_ID, NAME, DESCRIPTION) VALUES (12, NULL, 11, 'NotificationType2', NULL);
--to 30


-- RATE
-- for Luxe
INSERT INTO OBJECTS (OBJECT_ID, PARENT_ID, OBJECT_TYPE_ID, NAME, DESCRIPTION) VALUES (31, 5, 6, '02.12-01.03', NULL);
INSERT INTO OBJECTS (OBJECT_ID, PARENT_ID, OBJECT_TYPE_ID, NAME, DESCRIPTION) VALUES (32, 5, 6, '02.03-01.06', NULL);
INSERT INTO OBJECTS (OBJECT_ID, PARENT_ID, OBJECT_TYPE_ID, NAME, DESCRIPTION) VALUES (33, 5, 6, '02.06-01.09', NULL);
INSERT INTO OBJECTS (OBJECT_ID, PARENT_ID, OBJECT_TYPE_ID, NAME, DESCRIPTION) VALUES (34, 5, 6, '02.09-01.12', NULL);
-- for SemiLuxe
INSERT INTO OBJECTS (OBJECT_ID, PARENT_ID, OBJECT_TYPE_ID, NAME, DESCRIPTION) VALUES (35, 6, 6, '02.12-01.03', NULL);
INSERT INTO OBJECTS (OBJECT_ID, PARENT_ID, OBJECT_TYPE_ID, NAME, DESCRIPTION) VALUES (36, 6, 6, '02.03-01.06', NULL);
INSERT INTO OBJECTS (OBJECT_ID, PARENT_ID, OBJECT_TYPE_ID, NAME, DESCRIPTION) VALUES (37, 6, 6, '02.06-01.09', NULL);
INSERT INTO OBJECTS (OBJECT_ID, PARENT_ID, OBJECT_TYPE_ID, NAME, DESCRIPTION) VALUES (38, 6, 6, '02.09-01.12', NULL);
-- for Econom
INSERT INTO OBJECTS (OBJECT_ID, PARENT_ID, OBJECT_TYPE_ID, NAME, DESCRIPTION) VALUES (39, 7, 6, '02.12-01.03', NULL);
INSERT INTO OBJECTS (OBJECT_ID, PARENT_ID, OBJECT_TYPE_ID, NAME, DESCRIPTION) VALUES (40, 7, 6, '02.03-01.06', NULL);
INSERT INTO OBJECTS (OBJECT_ID, PARENT_ID, OBJECT_TYPE_ID, NAME, DESCRIPTION) VALUES (41, 7, 6, '02.06-01.09', NULL);
INSERT INTO OBJECTS (OBJECT_ID, PARENT_ID, OBJECT_TYPE_ID, NAME, DESCRIPTION) VALUES (42, 7, 6, '02.09-01.12', NULL);
-- for President
INSERT INTO OBJECTS (OBJECT_ID, PARENT_ID, OBJECT_TYPE_ID, NAME, DESCRIPTION) VALUES (43, 8, 6, '02.12-01.03', NULL);
INSERT INTO OBJECTS (OBJECT_ID, PARENT_ID, OBJECT_TYPE_ID, NAME, DESCRIPTION) VALUES (44, 8, 6, '02.03-01.06', NULL);
INSERT INTO OBJECTS (OBJECT_ID, PARENT_ID, OBJECT_TYPE_ID, NAME, DESCRIPTION) VALUES (45, 8, 6, '02.06-01.09', NULL);
INSERT INTO OBJECTS (OBJECT_ID, PARENT_ID, OBJECT_TYPE_ID, NAME, DESCRIPTION) VALUES (46, 8, 6, '02.09-01.12', NULL);
-- to 54


-- PRICE
INSERT INTO OBJECTS (OBJECT_ID, PARENT_ID, OBJECT_TYPE_ID, NAME, DESCRIPTION) VALUES (55, 31, 7, '1000 | 1', NULL);
INSERT INTO OBJECTS (OBJECT_ID, PARENT_ID, OBJECT_TYPE_ID, NAME, DESCRIPTION) VALUES (56, 31, 7, '2000 | 2', NULL);
INSERT INTO OBJECTS (OBJECT_ID, PARENT_ID, OBJECT_TYPE_ID, NAME, DESCRIPTION) VALUES (57, 31, 7, '3000 | 3', NULL);

INSERT INTO OBJECTS (OBJECT_ID, PARENT_ID, OBJECT_TYPE_ID, NAME, DESCRIPTION) VALUES (58, 32, 7, '1000 | 1', NULL);
INSERT INTO OBJECTS (OBJECT_ID, PARENT_ID, OBJECT_TYPE_ID, NAME, DESCRIPTION) VALUES (59, 32, 7, '2000 | 2', NULL);
INSERT INTO OBJECTS (OBJECT_ID, PARENT_ID, OBJECT_TYPE_ID, NAME, DESCRIPTION) VALUES (60, 32, 7, '3000 | 3', NULL);

INSERT INTO OBJECTS (OBJECT_ID, PARENT_ID, OBJECT_TYPE_ID, NAME, DESCRIPTION) VALUES (61, 33, 7, '1000 | 1', NULL);
INSERT INTO OBJECTS (OBJECT_ID, PARENT_ID, OBJECT_TYPE_ID, NAME, DESCRIPTION) VALUES (62, 33, 7, '2000 | 2', NULL);
INSERT INTO OBJECTS (OBJECT_ID, PARENT_ID, OBJECT_TYPE_ID, NAME, DESCRIPTION) VALUES (63, 33, 7, '3000 | 3', NULL);

INSERT INTO OBJECTS (OBJECT_ID, PARENT_ID, OBJECT_TYPE_ID, NAME, DESCRIPTION) VALUES (64, 34, 7, '1000 | 1', NULL);
INSERT INTO OBJECTS (OBJECT_ID, PARENT_ID, OBJECT_TYPE_ID, NAME, DESCRIPTION) VALUES (65, 34, 7, '2000 | 2', NULL);
INSERT INTO OBJECTS (OBJECT_ID, PARENT_ID, OBJECT_TYPE_ID, NAME, DESCRIPTION) VALUES (66, 34, 7, '3000 | 3', NULL);

INSERT INTO OBJECTS (OBJECT_ID, PARENT_ID, OBJECT_TYPE_ID, NAME, DESCRIPTION) VALUES (67, 35, 7, '1000 | 1', NULL);
INSERT INTO OBJECTS (OBJECT_ID, PARENT_ID, OBJECT_TYPE_ID, NAME, DESCRIPTION) VALUES (68, 35, 7, '2000 | 2', NULL);
INSERT INTO OBJECTS (OBJECT_ID, PARENT_ID, OBJECT_TYPE_ID, NAME, DESCRIPTION) VALUES (69, 35, 7, '3000 | 3', NULL);

INSERT INTO OBJECTS (OBJECT_ID, PARENT_ID, OBJECT_TYPE_ID, NAME, DESCRIPTION) VALUES (70, 36, 7, '1000 | 1', NULL);
INSERT INTO OBJECTS (OBJECT_ID, PARENT_ID, OBJECT_TYPE_ID, NAME, DESCRIPTION) VALUES (71, 36, 7, '2000 | 2', NULL);
INSERT INTO OBJECTS (OBJECT_ID, PARENT_ID, OBJECT_TYPE_ID, NAME, DESCRIPTION) VALUES (72, 36, 7, '3000 | 3', NULL);

INSERT INTO OBJECTS (OBJECT_ID, PARENT_ID, OBJECT_TYPE_ID, NAME, DESCRIPTION) VALUES (73, 37, 7, '1000 | 1', NULL);
INSERT INTO OBJECTS (OBJECT_ID, PARENT_ID, OBJECT_TYPE_ID, NAME, DESCRIPTION) VALUES (74, 37, 7, '2000 | 2', NULL);
INSERT INTO OBJECTS (OBJECT_ID, PARENT_ID, OBJECT_TYPE_ID, NAME, DESCRIPTION) VALUES (75, 37, 7, '3000 | 3', NULL);

INSERT INTO OBJECTS (OBJECT_ID, PARENT_ID, OBJECT_TYPE_ID, NAME, DESCRIPTION) VALUES (76, 38, 7, '1000 | 1', NULL);
INSERT INTO OBJECTS (OBJECT_ID, PARENT_ID, OBJECT_TYPE_ID, NAME, DESCRIPTION) VALUES (77, 38, 7, '2000 | 2', NULL);
INSERT INTO OBJECTS (OBJECT_ID, PARENT_ID, OBJECT_TYPE_ID, NAME, DESCRIPTION) VALUES (78, 38, 7, '3000 | 3', NULL);

INSERT INTO OBJECTS (OBJECT_ID, PARENT_ID, OBJECT_TYPE_ID, NAME, DESCRIPTION) VALUES (79, 39, 7, '1000 | 1', NULL);
INSERT INTO OBJECTS (OBJECT_ID, PARENT_ID, OBJECT_TYPE_ID, NAME, DESCRIPTION) VALUES (80, 39, 7, '2000 | 2', NULL);
INSERT INTO OBJECTS (OBJECT_ID, PARENT_ID, OBJECT_TYPE_ID, NAME, DESCRIPTION) VALUES (81, 39, 7, '3000 | 3', NULL);

INSERT INTO OBJECTS (OBJECT_ID, PARENT_ID, OBJECT_TYPE_ID, NAME, DESCRIPTION) VALUES (82, 40, 7, '1000 | 1', NULL);
INSERT INTO OBJECTS (OBJECT_ID, PARENT_ID, OBJECT_TYPE_ID, NAME, DESCRIPTION) VALUES (83, 40, 7, '2000 | 2', NULL);
INSERT INTO OBJECTS (OBJECT_ID, PARENT_ID, OBJECT_TYPE_ID, NAME, DESCRIPTION) VALUES (84, 40, 7, '3000 | 3', NULL);

INSERT INTO OBJECTS (OBJECT_ID, PARENT_ID, OBJECT_TYPE_ID, NAME, DESCRIPTION) VALUES (85, 41, 7, '1000 | 1', NULL);
INSERT INTO OBJECTS (OBJECT_ID, PARENT_ID, OBJECT_TYPE_ID, NAME, DESCRIPTION) VALUES (86, 41, 7, '2000 | 2', NULL);
INSERT INTO OBJECTS (OBJECT_ID, PARENT_ID, OBJECT_TYPE_ID, NAME, DESCRIPTION) VALUES (87, 41, 7, '3000 | 3', NULL);

INSERT INTO OBJECTS (OBJECT_ID, PARENT_ID, OBJECT_TYPE_ID, NAME, DESCRIPTION) VALUES (88, 42, 7, '1000 | 1', NULL);
INSERT INTO OBJECTS (OBJECT_ID, PARENT_ID, OBJECT_TYPE_ID, NAME, DESCRIPTION) VALUES (89, 42, 7, '2000 | 2', NULL);
INSERT INTO OBJECTS (OBJECT_ID, PARENT_ID, OBJECT_TYPE_ID, NAME, DESCRIPTION) VALUES (90, 42, 7, '3000 | 3', NULL);

INSERT INTO OBJECTS (OBJECT_ID, PARENT_ID, OBJECT_TYPE_ID, NAME, DESCRIPTION) VALUES (91, 43, 7, '1000 | 1', NULL);
INSERT INTO OBJECTS (OBJECT_ID, PARENT_ID, OBJECT_TYPE_ID, NAME, DESCRIPTION) VALUES (92, 43, 7, '2000 | 2', NULL);
INSERT INTO OBJECTS (OBJECT_ID, PARENT_ID, OBJECT_TYPE_ID, NAME, DESCRIPTION) VALUES (93, 43, 7, '3000 | 3', NULL);

INSERT INTO OBJECTS (OBJECT_ID, PARENT_ID, OBJECT_TYPE_ID, NAME, DESCRIPTION) VALUES (94, 44, 7, '1000 | 1', NULL);
INSERT INTO OBJECTS (OBJECT_ID, PARENT_ID, OBJECT_TYPE_ID, NAME, DESCRIPTION) VALUES (95, 44, 7, '2000 | 2', NULL);
INSERT INTO OBJECTS (OBJECT_ID, PARENT_ID, OBJECT_TYPE_ID, NAME, DESCRIPTION) VALUES (96, 44, 7, '3000 | 3', NULL);

INSERT INTO OBJECTS (OBJECT_ID, PARENT_ID, OBJECT_TYPE_ID, NAME, DESCRIPTION) VALUES (97, 45, 7, '1000 | 1', NULL);
INSERT INTO OBJECTS (OBJECT_ID, PARENT_ID, OBJECT_TYPE_ID, NAME, DESCRIPTION) VALUES (98, 45, 7, '2000 | 2', NULL);
INSERT INTO OBJECTS (OBJECT_ID, PARENT_ID, OBJECT_TYPE_ID, NAME, DESCRIPTION) VALUES (99, 45, 7, '3000 | 3', NULL);

INSERT INTO OBJECTS (OBJECT_ID, PARENT_ID, OBJECT_TYPE_ID, NAME, DESCRIPTION) VALUES (100, 46, 7, '1000 | 1', NULL);
INSERT INTO OBJECTS (OBJECT_ID, PARENT_ID, OBJECT_TYPE_ID, NAME, DESCRIPTION) VALUES (101, 46, 7, '2000 | 2', NULL);
INSERT INTO OBJECTS (OBJECT_ID, PARENT_ID, OBJECT_TYPE_ID, NAME, DESCRIPTION) VALUES (102, 46, 7, '3000 | 3', NULL);
-- to 126




-- ROOM
INSERT INTO OBJECTS (OBJECT_ID, PARENT_ID, OBJECT_TYPE_ID, NAME, DESCRIPTION) VALUES (127, NULL, 1, 'Room101', NULL);
INSERT INTO OBJECTS (OBJECT_ID, PARENT_ID, OBJECT_TYPE_ID, NAME, DESCRIPTION) VALUES (128, NULL, 1, 'Room102', NULL);
INSERT INTO OBJECTS (OBJECT_ID, PARENT_ID, OBJECT_TYPE_ID, NAME, DESCRIPTION) VALUES (129, NULL, 1, 'Room103', NULL);
INSERT INTO OBJECTS (OBJECT_ID, PARENT_ID, OBJECT_TYPE_ID, NAME, DESCRIPTION) VALUES (130, NULL, 1, 'Room104', NULL);
INSERT INTO OBJECTS (OBJECT_ID, PARENT_ID, OBJECT_TYPE_ID, NAME, DESCRIPTION) VALUES (131, NULL, 1, 'Room105', NULL);
INSERT INTO OBJECTS (OBJECT_ID, PARENT_ID, OBJECT_TYPE_ID, NAME, DESCRIPTION) VALUES (132, NULL, 1, 'Room106', NULL);
INSERT INTO OBJECTS (OBJECT_ID, PARENT_ID, OBJECT_TYPE_ID, NAME, DESCRIPTION) VALUES (133, NULL, 1, 'Room107', NULL);
INSERT INTO OBJECTS (OBJECT_ID, PARENT_ID, OBJECT_TYPE_ID, NAME, DESCRIPTION) VALUES (134, NULL, 1, 'Room108', NULL);
INSERT INTO OBJECTS (OBJECT_ID, PARENT_ID, OBJECT_TYPE_ID, NAME, DESCRIPTION) VALUES (135, NULL, 1, 'Room109', NULL);
INSERT INTO OBJECTS (OBJECT_ID, PARENT_ID, OBJECT_TYPE_ID, NAME, DESCRIPTION) VALUES (136, NULL, 1, 'Room110', NULL);
--to 226



-- BLOCK
INSERT INTO OBJECTS (OBJECT_ID, PARENT_ID, OBJECT_TYPE_ID, NAME, DESCRIPTION) VALUES (227, NULL, 8, 'Block101', NULL);

-- ORDER
INSERT INTO OBJECTS (OBJECT_ID, PARENT_ID, OBJECT_TYPE_ID, NAME, DESCRIPTION) VALUES (300, NULL, 2, 'Order01', NULL);
INSERT INTO OBJECTS (OBJECT_ID, PARENT_ID, OBJECT_TYPE_ID, NAME, DESCRIPTION) VALUES (301, NULL, 2, 'Order02', NULL);
INSERT INTO OBJECTS (OBJECT_ID, PARENT_ID, OBJECT_TYPE_ID, NAME, DESCRIPTION) VALUES (302, NULL, 2, 'Order03', NULL);

-- CATEGORY
INSERT INTO OBJECTS (OBJECT_ID, PARENT_ID, OBJECT_TYPE_ID, NAME, DESCRIPTION) VALUES (450, NULL, 13, 'all_incusive', NULL);
INSERT INTO OBJECTS (OBJECT_ID, PARENT_ID, OBJECT_TYPE_ID, NAME, DESCRIPTION) VALUES (451, NULL, 13, 'bed_and_breakfast', NULL);
INSERT INTO OBJECTS (OBJECT_ID, PARENT_ID, OBJECT_TYPE_ID, NAME, DESCRIPTION) VALUES (452, NULL, 13, 'half_pansion', NULL);

 -- MODIFICATION HISTORY
INSERT INTO OBJECTS (OBJECT_ID, PARENT_ID, OBJECT_TYPE_ID, NAME, DESCRIPTION) VALUES (500, 300, 12, 'HistoryOrder01', NULL);
INSERT INTO OBJECTS (OBJECT_ID, PARENT_ID, OBJECT_TYPE_ID, NAME, DESCRIPTION) VALUES (501, 301, 12, 'HistoryOrder02', NULL);
INSERT INTO OBJECTS (OBJECT_ID, PARENT_ID, OBJECT_TYPE_ID, NAME, DESCRIPTION) VALUES (502, 302, 12, 'HistoryOrder03', NULL);
INSERT INTO OBJECTS (OBJECT_ID, PARENT_ID, OBJECT_TYPE_ID, NAME, DESCRIPTION) VALUES (503, 300, 12, 'HistoryOrder03', NULL);

-- USER
INSERT INTO OBJECTS (OBJECT_ID, PARENT_ID, OBJECT_TYPE_ID, NAME, DESCRIPTION) VALUES (900, NULL, 3, 'StephenKing', NULL);
INSERT INTO OBJECTS (OBJECT_ID, PARENT_ID, OBJECT_TYPE_ID, NAME, DESCRIPTION) VALUES (901, NULL, 3, 'JohnnyDepp', NULL);
INSERT INTO OBJECTS (OBJECT_ID, PARENT_ID, OBJECT_TYPE_ID, NAME, DESCRIPTION) VALUES (902, NULL, 3, 'JackieChan', NULL);
INSERT INTO OBJECTS (OBJECT_ID, PARENT_ID, OBJECT_TYPE_ID, NAME, DESCRIPTION) VALUES (999, NULL, 3, 'AdminAdmin', NULL);

-- PHONE
INSERT INTO OBJECTS (OBJECT_ID, PARENT_ID, OBJECT_TYPE_ID, NAME, DESCRIPTION) VALUES (1100, 900, 9, '08001234516', NULL);
INSERT INTO OBJECTS (OBJECT_ID, PARENT_ID, OBJECT_TYPE_ID, NAME, DESCRIPTION) VALUES (1101, 901, 9, '08001234517', NULL);
INSERT INTO OBJECTS (OBJECT_ID, PARENT_ID, OBJECT_TYPE_ID, NAME, DESCRIPTION) VALUES (1102, 901, 9, '08001234518', NULL);
INSERT INTO OBJECTS (OBJECT_ID, PARENT_ID, OBJECT_TYPE_ID, NAME, DESCRIPTION) VALUES (1103, 902, 9, '08001236458', NULL);

-- NOTIFICATION
INSERT INTO OBJECTS (OBJECT_ID, PARENT_ID, OBJECT_TYPE_ID, NAME, DESCRIPTION) VALUES (1400, NULL, 4, 'Notification01', NULL);
INSERT INTO OBJECTS (OBJECT_ID, PARENT_ID, OBJECT_TYPE_ID, NAME, DESCRIPTION) VALUES (1401, NULL, 4, 'Notification02', NULL);

-- MAINTENANCE
INSERT INTO OBJECTS (OBJECT_ID, PARENT_ID, OBJECT_TYPE_ID, NAME, DESCRIPTION) VALUES (1500, NULL, 14, 'washing', NULL);
INSERT INTO OBJECTS (OBJECT_ID, PARENT_ID, OBJECT_TYPE_ID, NAME, DESCRIPTION) VALUES (1501, NULL, 14, 'breakfast', NULL);
INSERT INTO OBJECTS (OBJECT_ID, PARENT_ID, OBJECT_TYPE_ID, NAME, DESCRIPTION) VALUES (1502, NULL, 14, 'dinner', NULL);
INSERT INTO OBJECTS (OBJECT_ID, PARENT_ID, OBJECT_TYPE_ID, NAME, DESCRIPTION) VALUES (1503, NULL, 14, 'supper', NULL);
INSERT INTO OBJECTS (OBJECT_ID, PARENT_ID, OBJECT_TYPE_ID, NAME, DESCRIPTION) VALUES (1504, NULL, 14, 'whore', NULL);

-- COMPLIMENTARY
INSERT INTO OBJECTS (OBJECT_ID, PARENT_ID, OBJECT_TYPE_ID, NAME, DESCRIPTION) VALUES (1601, 450, 15, 'breakfastInAllInclusive', NULL);
INSERT INTO OBJECTS (OBJECT_ID, PARENT_ID, OBJECT_TYPE_ID, NAME, DESCRIPTION) VALUES (1602, 450, 15, 'dinnerInAllInclusive', NULL);
INSERT INTO OBJECTS (OBJECT_ID, PARENT_ID, OBJECT_TYPE_ID, NAME, DESCRIPTION) VALUES (1603, 450, 15, 'supperInAllInclusive', NULL);
INSERT INTO OBJECTS (OBJECT_ID, PARENT_ID, OBJECT_TYPE_ID, NAME, DESCRIPTION) VALUES (1604, 450, 15, 'washingInAllInclusive', NULL);
INSERT INTO OBJECTS (OBJECT_ID, PARENT_ID, OBJECT_TYPE_ID, NAME, DESCRIPTION) VALUES (1605, 451, 15, 'breakfastInBedAndDreakfast', NULL);
INSERT INTO OBJECTS (OBJECT_ID, PARENT_ID, OBJECT_TYPE_ID, NAME, DESCRIPTION) VALUES (1606, 452, 15, 'breakfastInHalfPansion', NULL);
INSERT INTO OBJECTS (OBJECT_ID, PARENT_ID, OBJECT_TYPE_ID, NAME, DESCRIPTION) VALUES (1607, 452, 15, 'supperInHalfPansion', NULL);

-- JOURNALRECORD
INSERT INTO OBJECTS (OBJECT_ID, PARENT_ID, OBJECT_TYPE_ID, NAME, DESCRIPTION) VALUES (1701, 301, 16, 'uslugaDenisu', NULL);
INSERT INTO OBJECTS (OBJECT_ID, PARENT_ID, OBJECT_TYPE_ID, NAME, DESCRIPTION) VALUES (1702, 301, 16, 'supperDenisu', NULL);
INSERT INTO OBJECTS (OBJECT_ID, PARENT_ID, OBJECT_TYPE_ID, NAME, DESCRIPTION) VALUES (1703, 302, 16, 'washingToPan', NULL);
INSERT INTO OBJECTS (OBJECT_ID, PARENT_ID, OBJECT_TYPE_ID, NAME, DESCRIPTION) VALUES (1704, 302, 16, 'dinnerToPan', NULL);

--Attributes RoleName
INSERT INTO ATTRIBUTES (ATTR_ID,OBJECT_ID,VALUE,DATE_VALUE) VALUES (39,1,'ADMIN',NULL);
INSERT INTO ATTRIBUTES (ATTR_ID,OBJECT_ID,VALUE,DATE_VALUE) VALUES (39,2,'RECEPTION',NULL);
INSERT INTO ATTRIBUTES (ATTR_ID,OBJECT_ID,VALUE,DATE_VALUE) VALUES (39,3,'CLIENT',NULL);

--Attributes RoomType
INSERT INTO ATTRIBUTES (ATTR_ID,OBJECT_ID,VALUE,DATE_VALUE) VALUES (28,5,'Luxe',NULL);
INSERT INTO ATTRIBUTES (ATTR_ID,OBJECT_ID,VALUE,DATE_VALUE) VALUES (29,5,'Content Luxe',NULL);
INSERT INTO ATTRIBUTES (ATTR_ID,OBJECT_ID,VALUE,DATE_VALUE) VALUES (28,6,'Semi-Luxe',NULL);
INSERT INTO ATTRIBUTES (ATTR_ID,OBJECT_ID,VALUE,DATE_VALUE) VALUES (29,6,'Content semi-luxe',NULL);
INSERT INTO ATTRIBUTES (ATTR_ID,OBJECT_ID,VALUE,DATE_VALUE) VALUES (28,7,'Economy',NULL);
INSERT INTO ATTRIBUTES (ATTR_ID,OBJECT_ID,VALUE,DATE_VALUE) VALUES (29,7,'Content economy',NULL);
INSERT INTO ATTRIBUTES (ATTR_ID,OBJECT_ID,VALUE,DATE_VALUE) VALUES (28,8,'President',NULL);
INSERT INTO ATTRIBUTES (ATTR_ID,OBJECT_ID,VALUE,DATE_VALUE) VALUES (29,8,'Content president',NULL);

--Attributes NotificationType
INSERT INTO ATTRIBUTES (ATTR_ID,OBJECT_ID,VALUE,DATE_VALUE) VALUES (40,11,'Resettlement',NULL);
INSERT INTO OBJREFERENCE (ATTR_ID, OBJECT_ID, REFERENCE) VALUES (41,11,1); -- для админов
INSERT INTO ATTRIBUTES (ATTR_ID,OBJECT_ID,VALUE,DATE_VALUE) VALUES (40,12,'Renewal',NULL);
INSERT INTO OBJREFERENCE (ATTR_ID, OBJECT_ID, REFERENCE) VALUES (41,12,1); -- для админов

--Attributes Rate
INSERT INTO ATTRIBUTES (ATTR_ID,OBJECT_ID,VALUE,DATE_VALUE) VALUES (30,31,NULL,to_date('02-12-2013','dd-mm-yyyy'));
INSERT INTO ATTRIBUTES (ATTR_ID,OBJECT_ID,VALUE,DATE_VALUE) VALUES (31,31,NULL,to_date('01-03-2014','dd-mm-yyyy'));
INSERT INTO ATTRIBUTES (ATTR_ID,OBJECT_ID,VALUE,DATE_VALUE) VALUES (30,32,NULL,to_date('02-03-2014','dd-mm-yyyy'));
INSERT INTO ATTRIBUTES (ATTR_ID,OBJECT_ID,VALUE,DATE_VALUE) VALUES (31,32,NULL,to_date('01-06-2014','dd-mm-yyyy'));
INSERT INTO ATTRIBUTES (ATTR_ID,OBJECT_ID,VALUE,DATE_VALUE) VALUES (30,33,NULL,to_date('02-06-2014','dd-mm-yyyy'));
INSERT INTO ATTRIBUTES (ATTR_ID,OBJECT_ID,VALUE,DATE_VALUE) VALUES (31,33,NULL,to_date('01-09-2014','dd-mm-yyyy'));
INSERT INTO ATTRIBUTES (ATTR_ID,OBJECT_ID,VALUE,DATE_VALUE) VALUES (30,34,NULL,to_date('02-09-2014','dd-mm-yyyy'));
INSERT INTO ATTRIBUTES (ATTR_ID,OBJECT_ID,VALUE,DATE_VALUE) VALUES (31,34,NULL,to_date('01-12-2014','dd-mm-yyyy'));
INSERT INTO ATTRIBUTES (ATTR_ID,OBJECT_ID,VALUE,DATE_VALUE) VALUES (30,35,NULL,to_date('02-12-2013','dd-mm-yyyy'));
INSERT INTO ATTRIBUTES (ATTR_ID,OBJECT_ID,VALUE,DATE_VALUE) VALUES (31,35,NULL,to_date('01-03-2014','dd-mm-yyyy'));
INSERT INTO ATTRIBUTES (ATTR_ID,OBJECT_ID,VALUE,DATE_VALUE) VALUES (30,36,NULL,to_date('02-03-2014','dd-mm-yyyy'));
INSERT INTO ATTRIBUTES (ATTR_ID,OBJECT_ID,VALUE,DATE_VALUE) VALUES (31,36,NULL,to_date('01-06-2014','dd-mm-yyyy'));
INSERT INTO ATTRIBUTES (ATTR_ID,OBJECT_ID,VALUE,DATE_VALUE) VALUES (30,37,NULL,to_date('02-06-2014','dd-mm-yyyy'));
INSERT INTO ATTRIBUTES (ATTR_ID,OBJECT_ID,VALUE,DATE_VALUE) VALUES (31,37,NULL,to_date('01-09-2014','dd-mm-yyyy'));
INSERT INTO ATTRIBUTES (ATTR_ID,OBJECT_ID,VALUE,DATE_VALUE) VALUES (30,38,NULL,to_date('02-09-2014','dd-mm-yyyy'));
INSERT INTO ATTRIBUTES (ATTR_ID,OBJECT_ID,VALUE,DATE_VALUE) VALUES (31,38,NULL,to_date('01-12-2014','dd-mm-yyyy'));
INSERT INTO ATTRIBUTES (ATTR_ID,OBJECT_ID,VALUE,DATE_VALUE) VALUES (30,39,NULL,to_date('02-12-2013','dd-mm-yyyy'));
INSERT INTO ATTRIBUTES (ATTR_ID,OBJECT_ID,VALUE,DATE_VALUE) VALUES (31,39,NULL,to_date('01-03-2014','dd-mm-yyyy'));
INSERT INTO ATTRIBUTES (ATTR_ID,OBJECT_ID,VALUE,DATE_VALUE) VALUES (30,40,NULL,to_date('02-03-2014','dd-mm-yyyy'));
INSERT INTO ATTRIBUTES (ATTR_ID,OBJECT_ID,VALUE,DATE_VALUE) VALUES (31,40,NULL,to_date('01-06-2014','dd-mm-yyyy'));
INSERT INTO ATTRIBUTES (ATTR_ID,OBJECT_ID,VALUE,DATE_VALUE) VALUES (30,41,NULL,to_date('02-06-2014','dd-mm-yyyy'));
INSERT INTO ATTRIBUTES (ATTR_ID,OBJECT_ID,VALUE,DATE_VALUE) VALUES (31,41,NULL,to_date('01-09-2014','dd-mm-yyyy'));
INSERT INTO ATTRIBUTES (ATTR_ID,OBJECT_ID,VALUE,DATE_VALUE) VALUES (30,42,NULL,to_date('02-09-2014','dd-mm-yyyy'));
INSERT INTO ATTRIBUTES (ATTR_ID,OBJECT_ID,VALUE,DATE_VALUE) VALUES (31,42,NULL,to_date('01-12-2014','dd-mm-yyyy'));
INSERT INTO ATTRIBUTES (ATTR_ID,OBJECT_ID,VALUE,DATE_VALUE) VALUES (30,43,NULL,to_date('02-12-2013','dd-mm-yyyy'));
INSERT INTO ATTRIBUTES (ATTR_ID,OBJECT_ID,VALUE,DATE_VALUE) VALUES (31,43,NULL,to_date('01-03-2014','dd-mm-yyyy'));
INSERT INTO ATTRIBUTES (ATTR_ID,OBJECT_ID,VALUE,DATE_VALUE) VALUES (30,44,NULL,to_date('02-03-2014','dd-mm-yyyy'));
INSERT INTO ATTRIBUTES (ATTR_ID,OBJECT_ID,VALUE,DATE_VALUE) VALUES (31,44,NULL,to_date('01-06-2014','dd-mm-yyyy'));
INSERT INTO ATTRIBUTES (ATTR_ID,OBJECT_ID,VALUE,DATE_VALUE) VALUES (30,45,NULL,to_date('02-06-2014','dd-mm-yyyy'));
INSERT INTO ATTRIBUTES (ATTR_ID,OBJECT_ID,VALUE,DATE_VALUE) VALUES (31,45,NULL,to_date('01-09-2014','dd-mm-yyyy'));
INSERT INTO ATTRIBUTES (ATTR_ID,OBJECT_ID,VALUE,DATE_VALUE) VALUES (30,46,NULL,to_date('02-09-2014','dd-mm-yyyy'));
INSERT INTO ATTRIBUTES (ATTR_ID,OBJECT_ID,VALUE,DATE_VALUE) VALUES (31,46,NULL,to_date('01-12-2014','dd-mm-yyyy'));

--Attributes Price
INSERT INTO ATTRIBUTES (ATTR_ID,OBJECT_ID,VALUE,DATE_VALUE) VALUES (32,55,'1',NULL);
INSERT INTO ATTRIBUTES (ATTR_ID,OBJECT_ID,VALUE,DATE_VALUE) VALUES (33,55,'10000',NULL);
INSERT INTO ATTRIBUTES (ATTR_ID,OBJECT_ID,VALUE,DATE_VALUE) VALUES (32,56,'2',NULL);
INSERT INTO ATTRIBUTES (ATTR_ID,OBJECT_ID,VALUE,DATE_VALUE) VALUES (33,56,'20000',NULL);
INSERT INTO ATTRIBUTES (ATTR_ID,OBJECT_ID,VALUE,DATE_VALUE) VALUES (32,57,'3',NULL);
INSERT INTO ATTRIBUTES (ATTR_ID,OBJECT_ID,VALUE,DATE_VALUE) VALUES (33,57,'30000',NULL);

INSERT INTO ATTRIBUTES (ATTR_ID,OBJECT_ID,VALUE,DATE_VALUE) VALUES (32,58,'1',NULL);
INSERT INTO ATTRIBUTES (ATTR_ID,OBJECT_ID,VALUE,DATE_VALUE) VALUES (33,58,'10000',NULL);
INSERT INTO ATTRIBUTES (ATTR_ID,OBJECT_ID,VALUE,DATE_VALUE) VALUES (32,59,'2',NULL);
INSERT INTO ATTRIBUTES (ATTR_ID,OBJECT_ID,VALUE,DATE_VALUE) VALUES (33,59,'20000',NULL);
INSERT INTO ATTRIBUTES (ATTR_ID,OBJECT_ID,VALUE,DATE_VALUE) VALUES (32,60,'3',NULL);
INSERT INTO ATTRIBUTES (ATTR_ID,OBJECT_ID,VALUE,DATE_VALUE) VALUES (33,60,'30000',NULL);

INSERT INTO ATTRIBUTES (ATTR_ID,OBJECT_ID,VALUE,DATE_VALUE) VALUES (32,61,'1',NULL);
INSERT INTO ATTRIBUTES (ATTR_ID,OBJECT_ID,VALUE,DATE_VALUE) VALUES (33,61,'10000',NULL);
INSERT INTO ATTRIBUTES (ATTR_ID,OBJECT_ID,VALUE,DATE_VALUE) VALUES (32,62,'2',NULL);
INSERT INTO ATTRIBUTES (ATTR_ID,OBJECT_ID,VALUE,DATE_VALUE) VALUES (33,62,'20000',NULL);
INSERT INTO ATTRIBUTES (ATTR_ID,OBJECT_ID,VALUE,DATE_VALUE) VALUES (32,63,'3',NULL);
INSERT INTO ATTRIBUTES (ATTR_ID,OBJECT_ID,VALUE,DATE_VALUE) VALUES (33,63,'30000',NULL);

INSERT INTO ATTRIBUTES (ATTR_ID,OBJECT_ID,VALUE,DATE_VALUE) VALUES (32,64,'1',NULL);
INSERT INTO ATTRIBUTES (ATTR_ID,OBJECT_ID,VALUE,DATE_VALUE) VALUES (33,64,'10000',NULL);
INSERT INTO ATTRIBUTES (ATTR_ID,OBJECT_ID,VALUE,DATE_VALUE) VALUES (32,65,'2',NULL);
INSERT INTO ATTRIBUTES (ATTR_ID,OBJECT_ID,VALUE,DATE_VALUE) VALUES (33,65,'20000',NULL);
INSERT INTO ATTRIBUTES (ATTR_ID,OBJECT_ID,VALUE,DATE_VALUE) VALUES (32,66,'3',NULL);
INSERT INTO ATTRIBUTES (ATTR_ID,OBJECT_ID,VALUE,DATE_VALUE) VALUES (33,66,'30000',NULL);

INSERT INTO ATTRIBUTES (ATTR_ID,OBJECT_ID,VALUE,DATE_VALUE) VALUES (32,67,'1',NULL);
INSERT INTO ATTRIBUTES (ATTR_ID,OBJECT_ID,VALUE,DATE_VALUE) VALUES (33,67,'10000',NULL);
INSERT INTO ATTRIBUTES (ATTR_ID,OBJECT_ID,VALUE,DATE_VALUE) VALUES (32,68,'2',NULL);
INSERT INTO ATTRIBUTES (ATTR_ID,OBJECT_ID,VALUE,DATE_VALUE) VALUES (33,68,'20000',NULL);
INSERT INTO ATTRIBUTES (ATTR_ID,OBJECT_ID,VALUE,DATE_VALUE) VALUES (32,69,'3',NULL);
INSERT INTO ATTRIBUTES (ATTR_ID,OBJECT_ID,VALUE,DATE_VALUE) VALUES (33,69,'30000',NULL);

INSERT INTO ATTRIBUTES (ATTR_ID,OBJECT_ID,VALUE,DATE_VALUE) VALUES (32,70,'1',NULL);
INSERT INTO ATTRIBUTES (ATTR_ID,OBJECT_ID,VALUE,DATE_VALUE) VALUES (33,70,'10000',NULL);
INSERT INTO ATTRIBUTES (ATTR_ID,OBJECT_ID,VALUE,DATE_VALUE) VALUES (32,71,'2',NULL);
INSERT INTO ATTRIBUTES (ATTR_ID,OBJECT_ID,VALUE,DATE_VALUE) VALUES (33,71,'20000',NULL);
INSERT INTO ATTRIBUTES (ATTR_ID,OBJECT_ID,VALUE,DATE_VALUE) VALUES (32,72,'3',NULL);
INSERT INTO ATTRIBUTES (ATTR_ID,OBJECT_ID,VALUE,DATE_VALUE) VALUES (33,72,'30000',NULL);

INSERT INTO ATTRIBUTES (ATTR_ID,OBJECT_ID,VALUE,DATE_VALUE) VALUES (32,73,'1',NULL);
INSERT INTO ATTRIBUTES (ATTR_ID,OBJECT_ID,VALUE,DATE_VALUE) VALUES (33,73,'10000',NULL);
INSERT INTO ATTRIBUTES (ATTR_ID,OBJECT_ID,VALUE,DATE_VALUE) VALUES (32,74,'2',NULL);
INSERT INTO ATTRIBUTES (ATTR_ID,OBJECT_ID,VALUE,DATE_VALUE) VALUES (33,74,'20000',NULL);
INSERT INTO ATTRIBUTES (ATTR_ID,OBJECT_ID,VALUE,DATE_VALUE) VALUES (32,75,'3',NULL);
INSERT INTO ATTRIBUTES (ATTR_ID,OBJECT_ID,VALUE,DATE_VALUE) VALUES (33,75,'30000',NULL);

INSERT INTO ATTRIBUTES (ATTR_ID,OBJECT_ID,VALUE,DATE_VALUE) VALUES (32,76,'1',NULL);
INSERT INTO ATTRIBUTES (ATTR_ID,OBJECT_ID,VALUE,DATE_VALUE) VALUES (33,76,'10000',NULL);
INSERT INTO ATTRIBUTES (ATTR_ID,OBJECT_ID,VALUE,DATE_VALUE) VALUES (32,77,'2',NULL);
INSERT INTO ATTRIBUTES (ATTR_ID,OBJECT_ID,VALUE,DATE_VALUE) VALUES (33,77,'20000',NULL);
INSERT INTO ATTRIBUTES (ATTR_ID,OBJECT_ID,VALUE,DATE_VALUE) VALUES (32,78,'3',NULL);
INSERT INTO ATTRIBUTES (ATTR_ID,OBJECT_ID,VALUE,DATE_VALUE) VALUES (33,78,'30000',NULL);

INSERT INTO ATTRIBUTES (ATTR_ID,OBJECT_ID,VALUE,DATE_VALUE) VALUES (32,79,'1',NULL);
INSERT INTO ATTRIBUTES (ATTR_ID,OBJECT_ID,VALUE,DATE_VALUE) VALUES (33,79,'10000',NULL);
INSERT INTO ATTRIBUTES (ATTR_ID,OBJECT_ID,VALUE,DATE_VALUE) VALUES (32,80,'2',NULL);
INSERT INTO ATTRIBUTES (ATTR_ID,OBJECT_ID,VALUE,DATE_VALUE) VALUES (33,80,'20000',NULL);
INSERT INTO ATTRIBUTES (ATTR_ID,OBJECT_ID,VALUE,DATE_VALUE) VALUES (32,81,'3',NULL);
INSERT INTO ATTRIBUTES (ATTR_ID,OBJECT_ID,VALUE,DATE_VALUE) VALUES (33,81,'30000',NULL);

INSERT INTO ATTRIBUTES (ATTR_ID,OBJECT_ID,VALUE,DATE_VALUE) VALUES (32,82,'1',NULL);
INSERT INTO ATTRIBUTES (ATTR_ID,OBJECT_ID,VALUE,DATE_VALUE) VALUES (33,82,'10000',NULL);
INSERT INTO ATTRIBUTES (ATTR_ID,OBJECT_ID,VALUE,DATE_VALUE) VALUES (32,83,'2',NULL);
INSERT INTO ATTRIBUTES (ATTR_ID,OBJECT_ID,VALUE,DATE_VALUE) VALUES (33,83,'20000',NULL);
INSERT INTO ATTRIBUTES (ATTR_ID,OBJECT_ID,VALUE,DATE_VALUE) VALUES (32,84,'3',NULL);
INSERT INTO ATTRIBUTES (ATTR_ID,OBJECT_ID,VALUE,DATE_VALUE) VALUES (33,84,'30000',NULL);

INSERT INTO ATTRIBUTES (ATTR_ID,OBJECT_ID,VALUE,DATE_VALUE) VALUES (32,85,'1',NULL);
INSERT INTO ATTRIBUTES (ATTR_ID,OBJECT_ID,VALUE,DATE_VALUE) VALUES (33,85,'10000',NULL);
INSERT INTO ATTRIBUTES (ATTR_ID,OBJECT_ID,VALUE,DATE_VALUE) VALUES (32,86,'2',NULL);
INSERT INTO ATTRIBUTES (ATTR_ID,OBJECT_ID,VALUE,DATE_VALUE) VALUES (33,86,'20000',NULL);
INSERT INTO ATTRIBUTES (ATTR_ID,OBJECT_ID,VALUE,DATE_VALUE) VALUES (32,87,'3',NULL);
INSERT INTO ATTRIBUTES (ATTR_ID,OBJECT_ID,VALUE,DATE_VALUE) VALUES (33,87,'30000',NULL);

INSERT INTO ATTRIBUTES (ATTR_ID,OBJECT_ID,VALUE,DATE_VALUE) VALUES (32,88,'1',NULL);
INSERT INTO ATTRIBUTES (ATTR_ID,OBJECT_ID,VALUE,DATE_VALUE) VALUES (33,88,'10000',NULL);
INSERT INTO ATTRIBUTES (ATTR_ID,OBJECT_ID,VALUE,DATE_VALUE) VALUES (32,89,'2',NULL);
INSERT INTO ATTRIBUTES (ATTR_ID,OBJECT_ID,VALUE,DATE_VALUE) VALUES (33,89,'20000',NULL);
INSERT INTO ATTRIBUTES (ATTR_ID,OBJECT_ID,VALUE,DATE_VALUE) VALUES (32,90,'3',NULL);
INSERT INTO ATTRIBUTES (ATTR_ID,OBJECT_ID,VALUE,DATE_VALUE) VALUES (33,90,'30000',NULL);

INSERT INTO ATTRIBUTES (ATTR_ID,OBJECT_ID,VALUE,DATE_VALUE) VALUES (32,91,'1',NULL);
INSERT INTO ATTRIBUTES (ATTR_ID,OBJECT_ID,VALUE,DATE_VALUE) VALUES (33,91,'10000',NULL);
INSERT INTO ATTRIBUTES (ATTR_ID,OBJECT_ID,VALUE,DATE_VALUE) VALUES (32,92,'2',NULL);
INSERT INTO ATTRIBUTES (ATTR_ID,OBJECT_ID,VALUE,DATE_VALUE) VALUES (33,92,'20000',NULL);
INSERT INTO ATTRIBUTES (ATTR_ID,OBJECT_ID,VALUE,DATE_VALUE) VALUES (32,93,'3',NULL);
INSERT INTO ATTRIBUTES (ATTR_ID,OBJECT_ID,VALUE,DATE_VALUE) VALUES (33,93,'30000',NULL);

INSERT INTO ATTRIBUTES (ATTR_ID,OBJECT_ID,VALUE,DATE_VALUE) VALUES (32,94,'1',NULL);
INSERT INTO ATTRIBUTES (ATTR_ID,OBJECT_ID,VALUE,DATE_VALUE) VALUES (33,94,'10000',NULL);
INSERT INTO ATTRIBUTES (ATTR_ID,OBJECT_ID,VALUE,DATE_VALUE) VALUES (32,95,'2',NULL);
INSERT INTO ATTRIBUTES (ATTR_ID,OBJECT_ID,VALUE,DATE_VALUE) VALUES (33,95,'20000',NULL);
INSERT INTO ATTRIBUTES (ATTR_ID,OBJECT_ID,VALUE,DATE_VALUE) VALUES (32,96,'3',NULL);
INSERT INTO ATTRIBUTES (ATTR_ID,OBJECT_ID,VALUE,DATE_VALUE) VALUES (33,96,'30000',NULL);

INSERT INTO ATTRIBUTES (ATTR_ID,OBJECT_ID,VALUE,DATE_VALUE) VALUES (32,97,'1',NULL);
INSERT INTO ATTRIBUTES (ATTR_ID,OBJECT_ID,VALUE,DATE_VALUE) VALUES (33,97,'10000',NULL);
INSERT INTO ATTRIBUTES (ATTR_ID,OBJECT_ID,VALUE,DATE_VALUE) VALUES (32,98,'2',NULL);
INSERT INTO ATTRIBUTES (ATTR_ID,OBJECT_ID,VALUE,DATE_VALUE) VALUES (33,98,'20000',NULL);
INSERT INTO ATTRIBUTES (ATTR_ID,OBJECT_ID,VALUE,DATE_VALUE) VALUES (32,99,'3',NULL);
INSERT INTO ATTRIBUTES (ATTR_ID,OBJECT_ID,VALUE,DATE_VALUE) VALUES (33,99,'30000',NULL);

INSERT INTO ATTRIBUTES (ATTR_ID,OBJECT_ID,VALUE,DATE_VALUE) VALUES (32,100,'1',NULL);
INSERT INTO ATTRIBUTES (ATTR_ID,OBJECT_ID,VALUE,DATE_VALUE) VALUES (33,100,'10000',NULL);
INSERT INTO ATTRIBUTES (ATTR_ID,OBJECT_ID,VALUE,DATE_VALUE) VALUES (32,101,'2',NULL);
INSERT INTO ATTRIBUTES (ATTR_ID,OBJECT_ID,VALUE,DATE_VALUE) VALUES (33,101,'20000',NULL);
INSERT INTO ATTRIBUTES (ATTR_ID,OBJECT_ID,VALUE,DATE_VALUE) VALUES (32,102,'3',NULL);
INSERT INTO ATTRIBUTES (ATTR_ID,OBJECT_ID,VALUE,DATE_VALUE) VALUES (33,102,'30000',NULL);


--Attributes Room
INSERT INTO ATTRIBUTES (ATTR_ID,OBJECT_ID,VALUE,DATE_VALUE) VALUES (1,127,'101',NULL);
INSERT INTO ATTRIBUTES (ATTR_ID,OBJECT_ID,VALUE,DATE_VALUE) VALUES (2,127,'1',NULL);
INSERT INTO ATTRIBUTES (ATTR_ID,OBJECT_ID,VALUE,DATE_VALUE) VALUES (3,127,'1,00',NULL);
INSERT INTO OBJREFERENCE (ATTR_ID, OBJECT_ID, REFERENCE) VALUES (4,127,5);

INSERT INTO ATTRIBUTES (ATTR_ID,OBJECT_ID,VALUE,DATE_VALUE) VALUES (1,128,'102',NULL);
INSERT INTO ATTRIBUTES (ATTR_ID,OBJECT_ID,VALUE,DATE_VALUE) VALUES (2,128,'2',NULL);
INSERT INTO ATTRIBUTES (ATTR_ID,OBJECT_ID,VALUE,DATE_VALUE) VALUES (3,128,'1,00',NULL);
INSERT INTO OBJREFERENCE (ATTR_ID, OBJECT_ID, REFERENCE) VALUES (4,128,5);

INSERT INTO ATTRIBUTES (ATTR_ID,OBJECT_ID,VALUE,DATE_VALUE) VALUES (1,129,'103',NULL);
INSERT INTO ATTRIBUTES (ATTR_ID,OBJECT_ID,VALUE,DATE_VALUE) VALUES (2,129,'3',NULL);
INSERT INTO ATTRIBUTES (ATTR_ID,OBJECT_ID,VALUE,DATE_VALUE) VALUES (3,129,'1,00',NULL);
INSERT INTO OBJREFERENCE (ATTR_ID, OBJECT_ID, REFERENCE) VALUES (4,129,5);

INSERT INTO ATTRIBUTES (ATTR_ID,OBJECT_ID,VALUE,DATE_VALUE) VALUES (1,130,'104',NULL);
INSERT INTO ATTRIBUTES (ATTR_ID,OBJECT_ID,VALUE,DATE_VALUE) VALUES (2,130,'1',NULL);
INSERT INTO ATTRIBUTES (ATTR_ID,OBJECT_ID,VALUE,DATE_VALUE) VALUES (3,130,'1,25',NULL);
INSERT INTO OBJREFERENCE (ATTR_ID, OBJECT_ID, REFERENCE) VALUES (4,130,6);

INSERT INTO ATTRIBUTES (ATTR_ID,OBJECT_ID,VALUE,DATE_VALUE) VALUES (1,131,'105',NULL);
INSERT INTO ATTRIBUTES (ATTR_ID,OBJECT_ID,VALUE,DATE_VALUE) VALUES (2,131,'2',NULL);
INSERT INTO ATTRIBUTES (ATTR_ID,OBJECT_ID,VALUE,DATE_VALUE) VALUES (3,131,'1,25',NULL);
INSERT INTO OBJREFERENCE (ATTR_ID, OBJECT_ID, REFERENCE) VALUES (4,131,6);

INSERT INTO ATTRIBUTES (ATTR_ID,OBJECT_ID,VALUE,DATE_VALUE) VALUES (1,132,'106',NULL);
INSERT INTO ATTRIBUTES (ATTR_ID,OBJECT_ID,VALUE,DATE_VALUE) VALUES (2,132,'3',NULL);
INSERT INTO ATTRIBUTES (ATTR_ID,OBJECT_ID,VALUE,DATE_VALUE) VALUES (3,132,'1,25',NULL);
INSERT INTO OBJREFERENCE (ATTR_ID, OBJECT_ID, REFERENCE) VALUES (4,132,7);

INSERT INTO ATTRIBUTES (ATTR_ID,OBJECT_ID,VALUE,DATE_VALUE) VALUES (1,133,'107',NULL);
INSERT INTO ATTRIBUTES (ATTR_ID,OBJECT_ID,VALUE,DATE_VALUE) VALUES (2,133,'1',NULL);
INSERT INTO ATTRIBUTES (ATTR_ID,OBJECT_ID,VALUE,DATE_VALUE) VALUES (3,133,'1,40',NULL);
INSERT INTO OBJREFERENCE (ATTR_ID, OBJECT_ID, REFERENCE) VALUES (4,133,7);

INSERT INTO ATTRIBUTES (ATTR_ID,OBJECT_ID,VALUE,DATE_VALUE) VALUES (1,134,'108',NULL);
INSERT INTO ATTRIBUTES (ATTR_ID,OBJECT_ID,VALUE,DATE_VALUE) VALUES (2,134,'2',NULL);
INSERT INTO ATTRIBUTES (ATTR_ID,OBJECT_ID,VALUE,DATE_VALUE) VALUES (3,134,'1,40',NULL);
INSERT INTO OBJREFERENCE (ATTR_ID, OBJECT_ID, REFERENCE) VALUES (4,134,8);

INSERT INTO ATTRIBUTES (ATTR_ID,OBJECT_ID,VALUE,DATE_VALUE) VALUES (1,135,'109',NULL);
INSERT INTO ATTRIBUTES (ATTR_ID,OBJECT_ID,VALUE,DATE_VALUE) VALUES (2,135,'3',NULL);
INSERT INTO ATTRIBUTES (ATTR_ID,OBJECT_ID,VALUE,DATE_VALUE) VALUES (3,135,'1,40',NULL);
INSERT INTO OBJREFERENCE (ATTR_ID, OBJECT_ID, REFERENCE) VALUES (4,135,8);

INSERT INTO ATTRIBUTES (ATTR_ID,OBJECT_ID,VALUE,DATE_VALUE) VALUES (1,136,'110',NULL);
INSERT INTO ATTRIBUTES (ATTR_ID,OBJECT_ID,VALUE,DATE_VALUE) VALUES (2,136,'1',NULL);
INSERT INTO ATTRIBUTES (ATTR_ID,OBJECT_ID,VALUE,DATE_VALUE) VALUES (3,136,'2,00',NULL);
INSERT INTO OBJREFERENCE (ATTR_ID, OBJECT_ID, REFERENCE) VALUES (4,136,8);


--Attributes Block
INSERT INTO OBJREFERENCE (ATTR_ID, OBJECT_ID, REFERENCE) VALUES (34,227,136);
INSERT INTO ATTRIBUTES (ATTR_ID,OBJECT_ID,VALUE,DATE_VALUE) VALUES (35,227,NULL,to_date('10-10-2014','dd-mm-yyyy'));
INSERT INTO ATTRIBUTES (ATTR_ID,OBJECT_ID,VALUE,DATE_VALUE) VALUES (36,227,NULL,to_date('02-11-2014','dd-mm-yyyy') );
INSERT INTO ATTRIBUTES (ATTR_ID,OBJECT_ID,VALUE,DATE_VALUE) VALUES (37,227,'Repair',NULL);


--Attributes Order
INSERT INTO ATTRIBUTES (ATTR_ID,OBJECT_ID,VALUE,DATE_VALUE) VALUES (5,300,'1',NULL);
INSERT INTO OBJREFERENCE (ATTR_ID, OBJECT_ID, REFERENCE) VALUES (6,300,127);
INSERT INTO OBJREFERENCE (ATTR_ID, OBJECT_ID, REFERENCE) VALUES (7,300,900);
INSERT INTO ATTRIBUTES (ATTR_ID,OBJECT_ID,VALUE,DATE_VALUE) VALUES (8,300,NULL,to_date('05-05-2014','dd-mm-yyyy'));
INSERT INTO ATTRIBUTES (ATTR_ID,OBJECT_ID,VALUE,DATE_VALUE) VALUES (9,300,'false',NULL);
INSERT INTO ATTRIBUTES (ATTR_ID,OBJECT_ID,VALUE,DATE_VALUE) VALUES (10,300,'false',NULL);
INSERT INTO ATTRIBUTES (ATTR_ID,OBJECT_ID,VALUE,DATE_VALUE) VALUES (11,300,NULL,to_date('15-06-2014','dd-mm-yyyy'));
INSERT INTO ATTRIBUTES (ATTR_ID,OBJECT_ID,VALUE,DATE_VALUE) VALUES (12,300,NULL,to_date('30-06-2014','dd-mm-yyyy'));
INSERT INTO ATTRIBUTES (ATTR_ID,OBJECT_ID,VALUE,DATE_VALUE) VALUES (13,300,'386',NULL);
INSERT INTO ATTRIBUTES (ATTR_ID,OBJECT_ID,VALUE,DATE_VALUE) VALUES (14,300,'Хочу розы каждое утро',NULL);
INSERT INTO OBJREFERENCE (ATTR_ID, OBJECT_ID, REFERENCE) VALUES (44,300,999);
INSERT INTO OBJREFERENCE (ATTR_ID, OBJECT_ID, REFERENCE) VALUES (57,300,450);

INSERT INTO ATTRIBUTES (ATTR_ID,OBJECT_ID,VALUE,DATE_VALUE) VALUES (5,301,'2',NULL);
INSERT INTO OBJREFERENCE (ATTR_ID, OBJECT_ID, REFERENCE) VALUES (6,301,128);
INSERT INTO OBJREFERENCE (ATTR_ID, OBJECT_ID, REFERENCE) VALUES (7,301,901);
INSERT INTO ATTRIBUTES (ATTR_ID,OBJECT_ID,VALUE,DATE_VALUE) VALUES (8,301,NULL,to_date('22-02-2014','dd-mm-yyyy'));
INSERT INTO ATTRIBUTES (ATTR_ID,OBJECT_ID,VALUE,DATE_VALUE) VALUES (9,301,'true',NULL);
INSERT INTO ATTRIBUTES (ATTR_ID,OBJECT_ID,VALUE,DATE_VALUE) VALUES (10,301,'false',NULL);
INSERT INTO ATTRIBUTES (ATTR_ID,OBJECT_ID,VALUE,DATE_VALUE) VALUES (11,301,NULL,to_date('29-03-2014','dd-mm-yyyy'));
INSERT INTO ATTRIBUTES (ATTR_ID,OBJECT_ID,VALUE,DATE_VALUE) VALUES (12,301,NULL,to_date('05-04-2014','dd-mm-yyyy'));
INSERT INTO ATTRIBUTES (ATTR_ID,OBJECT_ID,VALUE,DATE_VALUE) VALUES (13,301,'683',NULL);
INSERT INTO ATTRIBUTES (ATTR_ID,OBJECT_ID,VALUE,DATE_VALUE) VALUES (14,301,'Денис просил в номер доп. услуги',NULL);
INSERT INTO OBJREFERENCE (ATTR_ID, OBJECT_ID, REFERENCE) VALUES (44,301,901);
INSERT INTO OBJREFERENCE (ATTR_ID, OBJECT_ID, REFERENCE) VALUES (57,301,451);

INSERT INTO ATTRIBUTES (ATTR_ID,OBJECT_ID,VALUE,DATE_VALUE) VALUES (5,302,'3',NULL);
INSERT INTO OBJREFERENCE (ATTR_ID, OBJECT_ID, REFERENCE) VALUES (6,302,129);
INSERT INTO OBJREFERENCE (ATTR_ID, OBJECT_ID, REFERENCE) VALUES (7,302,902);
INSERT INTO ATTRIBUTES (ATTR_ID,OBJECT_ID,VALUE,DATE_VALUE) VALUES (8,302,NULL,to_date('10-12-2013','dd-mm-yyyy'));
INSERT INTO ATTRIBUTES (ATTR_ID,OBJECT_ID,VALUE,DATE_VALUE) VALUES (9,302,'true',NULL);
INSERT INTO ATTRIBUTES (ATTR_ID,OBJECT_ID,VALUE,DATE_VALUE) VALUES (10,302,'true',NULL);
INSERT INTO ATTRIBUTES (ATTR_ID,OBJECT_ID,VALUE,DATE_VALUE) VALUES (11,302,NULL,to_date('27-12-2013','dd-mm-yyyy'));
INSERT INTO ATTRIBUTES (ATTR_ID,OBJECT_ID,VALUE,DATE_VALUE) VALUES (12,302,NULL,to_date('04-01-2014','dd-mm-yyyy'));
INSERT INTO ATTRIBUTES (ATTR_ID,OBJECT_ID,VALUE,DATE_VALUE) VALUES (13,302,'1057',NULL);
INSERT INTO ATTRIBUTES (ATTR_ID,OBJECT_ID,VALUE,DATE_VALUE) VALUES (14,302,NULL,NULL);
INSERT INTO OBJREFERENCE (ATTR_ID, OBJECT_ID, REFERENCE) VALUES (44,302,999);
INSERT INTO OBJREFERENCE (ATTR_ID, OBJECT_ID, REFERENCE) VALUES (57,302,452);


--Attributes MODIFICATION HISTORY
INSERT INTO ATTRIBUTES (ATTR_ID,OBJECT_ID,VALUE,DATE_VALUE) VALUES (43,500,NULL,to_date('05-05-2014','dd-mm-yyyy'));
INSERT INTO ATTRIBUTES (ATTR_ID,OBJECT_ID,VALUE,DATE_VALUE) VALUES (9,500,'false',NULL);
INSERT INTO ATTRIBUTES (ATTR_ID,OBJECT_ID,VALUE,DATE_VALUE) VALUES (10,500,'false',NULL);
INSERT INTO ATTRIBUTES (ATTR_ID,OBJECT_ID,VALUE,DATE_VALUE) VALUES (11,500,NULL,to_date('15-06-2014','dd-mm-yyyy'));
INSERT INTO ATTRIBUTES (ATTR_ID,OBJECT_ID,VALUE,DATE_VALUE) VALUES (12,500,NULL,to_date('30-06-2014','dd-mm-yyyy'));
INSERT INTO ATTRIBUTES (ATTR_ID,OBJECT_ID,VALUE,DATE_VALUE) VALUES (13,500,'386',NULL);
INSERT INTO ATTRIBUTES (ATTR_ID,OBJECT_ID,VALUE,DATE_VALUE) VALUES (14,500,'Хочу розы каждое утро',NULL);

INSERT INTO ATTRIBUTES (ATTR_ID,OBJECT_ID,VALUE,DATE_VALUE) VALUES (43,501,NULL,to_date('22-02-2014','dd-mm-yyyy'));
INSERT INTO ATTRIBUTES (ATTR_ID,OBJECT_ID,VALUE,DATE_VALUE) VALUES (9,501,'true',NULL);
INSERT INTO ATTRIBUTES (ATTR_ID,OBJECT_ID,VALUE,DATE_VALUE) VALUES (10,501,'false',NULL);
INSERT INTO ATTRIBUTES (ATTR_ID,OBJECT_ID,VALUE,DATE_VALUE) VALUES (11,501,NULL,to_date('29-03-2014','dd-mm-yyyy'));
INSERT INTO ATTRIBUTES (ATTR_ID,OBJECT_ID,VALUE,DATE_VALUE) VALUES (12,501,NULL,to_date('05-04-2014','dd-mm-yyyy'));
INSERT INTO ATTRIBUTES (ATTR_ID,OBJECT_ID,VALUE,DATE_VALUE) VALUES (13,501,'683',NULL);
INSERT INTO ATTRIBUTES (ATTR_ID,OBJECT_ID,VALUE,DATE_VALUE) VALUES (14,501,'Денис просил в номер доп. услуги',NULL);

INSERT INTO ATTRIBUTES (ATTR_ID,OBJECT_ID,VALUE,DATE_VALUE) VALUES (43,502,NULL,to_date('10-12-2013','dd-mm-yyyy'));
INSERT INTO ATTRIBUTES (ATTR_ID,OBJECT_ID,VALUE,DATE_VALUE) VALUES (9,502,'true',NULL);
INSERT INTO ATTRIBUTES (ATTR_ID,OBJECT_ID,VALUE,DATE_VALUE) VALUES (10,502,'true',NULL);
INSERT INTO ATTRIBUTES (ATTR_ID,OBJECT_ID,VALUE,DATE_VALUE) VALUES (11,502,NULL,to_date('27-12-2013','dd-mm-yyyy'));
INSERT INTO ATTRIBUTES (ATTR_ID,OBJECT_ID,VALUE,DATE_VALUE) VALUES (12,502,NULL,to_date('04-01-2014','dd-mm-yyyy'));
INSERT INTO ATTRIBUTES (ATTR_ID,OBJECT_ID,VALUE,DATE_VALUE) VALUES (13,502,'1057',NULL);
INSERT INTO ATTRIBUTES (ATTR_ID,OBJECT_ID,VALUE,DATE_VALUE) VALUES (14,502,NULL,NULL);

INSERT INTO ATTRIBUTES (ATTR_ID,OBJECT_ID,VALUE,DATE_VALUE) VALUES (43,503,NULL,to_date('06-05-2014','dd-mm-yyyy'));
INSERT INTO ATTRIBUTES (ATTR_ID,OBJECT_ID,VALUE,DATE_VALUE) VALUES (9,503,'true',NULL);
INSERT INTO ATTRIBUTES (ATTR_ID,OBJECT_ID,VALUE,DATE_VALUE) VALUES (10,503,'false',NULL);
INSERT INTO ATTRIBUTES (ATTR_ID,OBJECT_ID,VALUE,DATE_VALUE) VALUES (11,503,NULL,to_date('15-06-2014','dd-mm-yyyy'));
INSERT INTO ATTRIBUTES (ATTR_ID,OBJECT_ID,VALUE,DATE_VALUE) VALUES (12,503,NULL,to_date('30-06-2014','dd-mm-yyyy'));
INSERT INTO ATTRIBUTES (ATTR_ID,OBJECT_ID,VALUE,DATE_VALUE) VALUES (13,503,'386',NULL);
INSERT INTO ATTRIBUTES (ATTR_ID,OBJECT_ID,VALUE,DATE_VALUE) VALUES (14,503,'Хочу розы каждое утро!!',NULL);



--Attributes USER
INSERT INTO ATTRIBUTES (ATTR_ID,OBJECT_ID,VALUE,DATE_VALUE) VALUES (15,900,'stephenking@mail.ru',NULL);
INSERT INTO ATTRIBUTES (ATTR_ID,OBJECT_ID,VALUE,DATE_VALUE) VALUES (16,900,'awl8yat4oiu',NULL);
INSERT INTO ATTRIBUTES (ATTR_ID,OBJECT_ID,VALUE,DATE_VALUE) VALUES (17,900,'Stephen',NULL);
INSERT INTO ATTRIBUTES (ATTR_ID,OBJECT_ID,VALUE,DATE_VALUE) VALUES (18,900,'King',NULL);
INSERT INTO ATTRIBUTES (ATTR_ID,OBJECT_ID,VALUE,DATE_VALUE) VALUES (19,900,'',NULL);
INSERT INTO OBJREFERENCE (ATTR_ID, OBJECT_ID, REFERENCE) VALUES (20,900,3);
INSERT INTO ATTRIBUTES (ATTR_ID,OBJECT_ID,VALUE,DATE_VALUE) VALUES (3,900,'true',NULL);

INSERT INTO ATTRIBUTES (ATTR_ID,OBJECT_ID,VALUE,DATE_VALUE) VALUES (15,901,'krasavchik@gmail.com',NULL);
INSERT INTO ATTRIBUTES (ATTR_ID,OBJECT_ID,VALUE,DATE_VALUE) VALUES (16,901,'lkjaytuayiaaotwiuy',NULL);
INSERT INTO ATTRIBUTES (ATTR_ID,OBJECT_ID,VALUE,DATE_VALUE) VALUES (17,901,'Johnny',NULL);
INSERT INTO ATTRIBUTES (ATTR_ID,OBJECT_ID,VALUE,DATE_VALUE) VALUES (18,901,'Depp',NULL);
INSERT INTO ATTRIBUTES (ATTR_ID,OBJECT_ID,VALUE,DATE_VALUE) VALUES (19,901,'Капитан!',NULL);
INSERT INTO OBJREFERENCE (ATTR_ID, OBJECT_ID, REFERENCE) VALUES (20,901,3);
INSERT INTO ATTRIBUTES (ATTR_ID,OBJECT_ID,VALUE,DATE_VALUE) VALUES (3,901,'true',NULL);

INSERT INTO ATTRIBUTES (ATTR_ID,OBJECT_ID,VALUE,DATE_VALUE) VALUES (15,902,'kaskader@china.net',NULL);
INSERT INTO ATTRIBUTES (ATTR_ID,OBJECT_ID,VALUE,DATE_VALUE) VALUES (16,902,'jkdfhiutyjhsgdklsyre23429768',NULL);
INSERT INTO ATTRIBUTES (ATTR_ID,OBJECT_ID,VALUE,DATE_VALUE) VALUES (17,902,'Jackie',NULL);
INSERT INTO ATTRIBUTES (ATTR_ID,OBJECT_ID,VALUE,DATE_VALUE) VALUES (18,902,'Chan',NULL);
INSERT INTO ATTRIBUTES (ATTR_ID,OBJECT_ID,VALUE,DATE_VALUE) VALUES (19,902,'У меня доспехи Бога',NULL);
INSERT INTO OBJREFERENCE (ATTR_ID, OBJECT_ID, REFERENCE) VALUES (20,902,3);
INSERT INTO ATTRIBUTES (ATTR_ID,OBJECT_ID,VALUE,DATE_VALUE) VALUES (3,902,'true',NULL);

INSERT INTO ATTRIBUTES (ATTR_ID,OBJECT_ID,VALUE,DATE_VALUE) VALUES (15,999,'admin@mail.ru',NULL);
INSERT INTO ATTRIBUTES (ATTR_ID,OBJECT_ID,VALUE,DATE_VALUE) VALUES (16,999,'ad',NULL);
INSERT INTO ATTRIBUTES (ATTR_ID,OBJECT_ID,VALUE,DATE_VALUE) VALUES (17,999,'Admin',NULL);
INSERT INTO ATTRIBUTES (ATTR_ID,OBJECT_ID,VALUE,DATE_VALUE) VALUES (18,999,'Adminskyi',NULL);
INSERT INTO ATTRIBUTES (ATTR_ID,OBJECT_ID,VALUE,DATE_VALUE) VALUES (19,999,'',NULL);
INSERT INTO OBJREFERENCE (ATTR_ID, OBJECT_ID, REFERENCE) VALUES (20,999,1);
INSERT INTO ATTRIBUTES (ATTR_ID,OBJECT_ID,VALUE,DATE_VALUE) VALUES (3,999,'true',NULL);


--Attributes Phone
INSERT INTO ATTRIBUTES (ATTR_ID,OBJECT_ID,VALUE,DATE_VALUE) VALUES (38,1100,'08001234516',NULL);
INSERT INTO ATTRIBUTES (ATTR_ID,OBJECT_ID,VALUE,DATE_VALUE) VALUES (38,1101,'08001234517',NULL);
INSERT INTO ATTRIBUTES (ATTR_ID,OBJECT_ID,VALUE,DATE_VALUE) VALUES (38,1102,'08001234518',NULL);
INSERT INTO ATTRIBUTES (ATTR_ID,OBJECT_ID,VALUE,DATE_VALUE) VALUES (38,1103,'08001236458',NULL);


-- Attributes NOTIFICATION
INSERT INTO OBJREFERENCE (ATTR_ID, OBJECT_ID, REFERENCE) VALUES (26,1400,11); -- уведомление типа Resettlement
INSERT INTO OBJREFERENCE (ATTR_ID, OBJECT_ID, REFERENCE) VALUES (21,1400,900); -- отправлено Кингом
INSERT INTO ATTRIBUTES (ATTR_ID,OBJECT_ID,VALUE,DATE_VALUE) VALUES (22,1400,'Мне выбили стекло камнем',NULL);
INSERT INTO OBJREFERENCE (ATTR_ID, OBJECT_ID, REFERENCE) VALUES (27,1400,300); -- в 300-м заказе
INSERT INTO ATTRIBUTES (ATTR_ID,OBJECT_ID,VALUE,DATE_VALUE) VALUES (23,1400,NULL,to_date('02-04-2014','dd-mm-yyyy'));
INSERT INTO OBJREFERENCE (ATTR_ID, OBJECT_ID, REFERENCE) VALUES (24,1400,999); -- выполнено Админом Админским
INSERT INTO ATTRIBUTES (ATTR_ID,OBJECT_ID,VALUE,DATE_VALUE) VALUES (25,1400,NULL,to_date('02-04-2014','dd-mm-yyyy'));

INSERT INTO OBJREFERENCE (ATTR_ID, OBJECT_ID, REFERENCE) VALUES (26,1401,12); -- уведомление типа Renewal
INSERT INTO OBJREFERENCE (ATTR_ID, OBJECT_ID, REFERENCE) VALUES (21,1401,901); -- отправитель
INSERT INTO ATTRIBUTES (ATTR_ID,OBJECT_ID,VALUE,DATE_VALUE) VALUES (22,1401,'Я хочу продолжить проживание в отеле',NULL);
INSERT INTO OBJREFERENCE (ATTR_ID, OBJECT_ID, REFERENCE) VALUES (27,1401,301); -- о 301-м заказе
INSERT INTO ATTRIBUTES (ATTR_ID,OBJECT_ID,VALUE,DATE_VALUE) VALUES (23,1401,NULL,to_date('18-06-2014','dd-mm-yyyy'));
-- Так как оно не выполнено, то нет смысла в полях "Кем выполнено" и "Дата выполнения"
INSERT INTO OBJREFERENCE (ATTR_ID, OBJECT_ID, REFERENCE) VALUES (24,1401,NULL);
INSERT INTO ATTRIBUTES (ATTR_ID,OBJECT_ID,VALUE,DATE_VALUE) VALUES (25,1401,NULL,NULL);


-- Attributes CATEGORY
INSERT INTO ATTRIBUTES (ATTR_ID,OBJECT_ID,VALUE,DATE_VALUE) VALUES (45,450,'all incusive',NULL);
INSERT INTO ATTRIBUTES (ATTR_ID,OBJECT_ID,VALUE,DATE_VALUE) VALUES (46,450,'5001',NULL);
INSERT INTO ATTRIBUTES (ATTR_ID,OBJECT_ID,VALUE,DATE_VALUE) VALUES (45,451,'bed and breakfast',NULL);
INSERT INTO ATTRIBUTES (ATTR_ID,OBJECT_ID,VALUE,DATE_VALUE) VALUES (46,451,'1000',NULL);
INSERT INTO ATTRIBUTES (ATTR_ID,OBJECT_ID,VALUE,DATE_VALUE) VALUES (45,452,'half pansion',NULL);
INSERT INTO ATTRIBUTES (ATTR_ID,OBJECT_ID,VALUE,DATE_VALUE) VALUES (46,452,'2000',NULL);


-- Attributes MAINTENANCE
INSERT INTO ATTRIBUTES (ATTR_ID,OBJECT_ID,VALUE,DATE_VALUE) VALUES (47,1500,'washing',NULL);
INSERT INTO ATTRIBUTES (ATTR_ID,OBJECT_ID,VALUE,DATE_VALUE) VALUES (48,1500,'odezhda',NULL);
INSERT INTO ATTRIBUTES (ATTR_ID,OBJECT_ID,VALUE,DATE_VALUE) VALUES (49,1500,'300',NULL);

INSERT INTO ATTRIBUTES (ATTR_ID,OBJECT_ID,VALUE,DATE_VALUE) VALUES (47,1501,'breakfast',NULL);
INSERT INTO ATTRIBUTES (ATTR_ID,OBJECT_ID,VALUE,DATE_VALUE) VALUES (48,1501,'food',NULL);
INSERT INTO ATTRIBUTES (ATTR_ID,OBJECT_ID,VALUE,DATE_VALUE) VALUES (49,1501,'400',NULL);

INSERT INTO ATTRIBUTES (ATTR_ID,OBJECT_ID,VALUE,DATE_VALUE) VALUES (47,1502,'dinner',NULL);
INSERT INTO ATTRIBUTES (ATTR_ID,OBJECT_ID,VALUE,DATE_VALUE) VALUES (48,1502,'food',NULL);
INSERT INTO ATTRIBUTES (ATTR_ID,OBJECT_ID,VALUE,DATE_VALUE) VALUES (49,1502,'600',NULL);

INSERT INTO ATTRIBUTES (ATTR_ID,OBJECT_ID,VALUE,DATE_VALUE) VALUES (47,1503,'supper',NULL);
INSERT INTO ATTRIBUTES (ATTR_ID,OBJECT_ID,VALUE,DATE_VALUE) VALUES (48,1503,'food',NULL);
INSERT INTO ATTRIBUTES (ATTR_ID,OBJECT_ID,VALUE,DATE_VALUE) VALUES (49,1503,'450',NULL);

INSERT INTO ATTRIBUTES (ATTR_ID,OBJECT_ID,VALUE,DATE_VALUE) VALUES (47,1504,'whore =*',NULL);
INSERT INTO ATTRIBUTES (ATTR_ID,OBJECT_ID,VALUE,DATE_VALUE) VALUES (48,1504,'special',NULL);
INSERT INTO ATTRIBUTES (ATTR_ID,OBJECT_ID,VALUE,DATE_VALUE) VALUES (49,1504,'10000',NULL);

-- Attributes COOMPLIMETNARY
INSERT INTO OBJREFERENCE (ATTR_ID, OBJECT_ID, REFERENCE) VALUES (51,1601,1501);
INSERT INTO OBJREFERENCE (ATTR_ID, OBJECT_ID, REFERENCE) VALUES (51,1602,1502);
INSERT INTO OBJREFERENCE (ATTR_ID, OBJECT_ID, REFERENCE) VALUES (51,1603,1503);
INSERT INTO OBJREFERENCE (ATTR_ID, OBJECT_ID, REFERENCE) VALUES (51,1604,1500);
INSERT INTO OBJREFERENCE (ATTR_ID, OBJECT_ID, REFERENCE) VALUES (51,1605,1501);
INSERT INTO OBJREFERENCE (ATTR_ID, OBJECT_ID, REFERENCE) VALUES (51,1606,1501);
INSERT INTO OBJREFERENCE (ATTR_ID, OBJECT_ID, REFERENCE) VALUES (51,1607,1503);


-- Attributes JOURNALRECORD
INSERT INTO OBJREFERENCE (ATTR_ID, OBJECT_ID, REFERENCE) VALUES (53,1701,1504);
INSERT INTO ATTRIBUTES (ATTR_ID,OBJECT_ID,VALUE,DATE_VALUE) VALUES (54,1701,'3',NULL);
INSERT INTO ATTRIBUTES (ATTR_ID,OBJECT_ID,VALUE,DATE_VALUE) VALUES (55,1701,'30000',NULL);
INSERT INTO ATTRIBUTES (ATTR_ID,OBJECT_ID,VALUE,DATE_VALUE) VALUES (56,1701,NULL,to_date('01-04-2014','dd-mm-yyyy'));

INSERT INTO OBJREFERENCE (ATTR_ID, OBJECT_ID, REFERENCE) VALUES (53,1702,1503);
INSERT INTO ATTRIBUTES (ATTR_ID,OBJECT_ID,VALUE,DATE_VALUE) VALUES (54,1702,'1',NULL);
INSERT INTO ATTRIBUTES (ATTR_ID,OBJECT_ID,VALUE,DATE_VALUE) VALUES (55,1702,'450',NULL);
INSERT INTO ATTRIBUTES (ATTR_ID,OBJECT_ID,VALUE,DATE_VALUE) VALUES (56,1702,NULL,to_date('02-04-2014','dd-mm-yyyy'));

INSERT INTO OBJREFERENCE (ATTR_ID, OBJECT_ID, REFERENCE) VALUES (53,1703,1500);
INSERT INTO ATTRIBUTES (ATTR_ID,OBJECT_ID,VALUE,DATE_VALUE) VALUES (54,1703,'2',NULL);
INSERT INTO ATTRIBUTES (ATTR_ID,OBJECT_ID,VALUE,DATE_VALUE) VALUES (55,1703,'600',NULL);
INSERT INTO ATTRIBUTES (ATTR_ID,OBJECT_ID,VALUE,DATE_VALUE) VALUES (56,1703,NULL,to_date('29-12-2013','dd-mm-yyyy'));

INSERT INTO OBJREFERENCE (ATTR_ID, OBJECT_ID, REFERENCE) VALUES (53,1704,1502);
INSERT INTO ATTRIBUTES (ATTR_ID,OBJECT_ID,VALUE,DATE_VALUE) VALUES (54,1704,'1',NULL);
INSERT INTO ATTRIBUTES (ATTR_ID,OBJECT_ID,VALUE,DATE_VALUE) VALUES (55,1704,'600',NULL);
INSERT INTO ATTRIBUTES (ATTR_ID,OBJECT_ID,VALUE,DATE_VALUE) VALUES (56,1704,NULL,to_date('30-12-2013','dd-mm-yyyy'));



COMMIT;